PPL/XP,Analytical Code#long,#img,Image Width (mm),Fabric Code,Petrographic Fabric,#name,Site,Latitude#number,Longitude#number,Artifact Number#long,Decoration/Ware,Period,Fe ppm (INAA)#number,Na ppm (INAA)#number,Ca ppm (INAA)#number,Sm ppm (INAA)#number,Lu ppm (INAA)#number,U ppm (INAA)#number,Yb ppm (INAA)#number,As ppm (INAA)#number,Sb ppm (INAA)#number,La ppm (INAA)#number,Ce ppm (INAA)#number,Th ppm (INAA)#number,Cr ppm (INAA)#number,Hf ppm (INAA)#number,Cs ppm (INAA)#number,Sc ppm (INAA)#number,Rb ppm (INAA)#number,Ta ppm (INAA)#number,Co ppm (INAA)#number,Eu ppm (INAA)#number,Tb ppm (INAA)#number
PPL,CYC001,PPL_CYL_001_097_,9.7,Cyclops Cave 1,Limestone Fabric ,Limestone Fabric ,"Cyclops Cave, Youra, Sporades Islands, Greece",39.37219395,24.15593147,Cyclops Cave Neolithic 1,Red Monochrome,Middle Neolithic,4.34,0.19,18.04,3.75,0.30,2.7,2.32,150.5,2.5,16.9,55.5,7.32,106,2.71,12.10,19.1,90,0.5,38.07,0.86,0.4
XP,CYC001,XPL_CYL_001_097_,9.7,Cyclops Cave 1,Limestone Fabric ,Limestone Fabric ,"Cyclops Cave, Youra, Sporades Islands, Greece",39.37219395,24.15593147,Cyclops Cave Neolithic 1,Red Monochrome,Middle Neolithic,4.34,0.19,18.04,3.75,0.30,2.7,2.32,150.5,2.5,16.9,55.5,7.32,106,2.71,12.10,19.1,90,0.5,38.07,0.86,0.4
PPL,CYC001,PPL_CYL_001_021_,2.1,Cyclops Cave 1,Limestone Fabric ,Limestone Fabric ,"Cyclops Cave, Youra, Sporades Islands, Greece",39.37219395,24.15593147,Cyclops Cave Neolithic 1,Red Monochrome,Middle Neolithic,4.34,0.19,18.04,3.75,0.30,2.7,2.32,150.5,2.5,16.9,55.5,7.32,106,2.71,12.10,19.1,90,0.5,38.07,0.86,0.4
XP,CYC001,XPL_CYL_001_021_,2.1,Cyclops Cave 1,Limestone Fabric ,Limestone Fabric ,"Cyclops Cave, Youra, Sporades Islands, Greece",39.37219395,24.15593147,Cyclops Cave Neolithic 1,Red Monochrome,Middle Neolithic,4.34,0.19,18.04,3.75,0.30,2.7,2.32,150.5,2.5,16.9,55.5,7.32,106,2.71,12.10,19.1,90,0.5,38.07,0.86,0.4
PPL,CYC002,PPL_CYL_002_097_,9.7,Cyclops Cave 1,Limestone Fabric ,Limestone Fabric ,"Cyclops Cave, Youra, Sporades Islands, Greece",39.37219395,24.15593147,Cyclops Cave Neolithic 2,Red Monochrome,Middle Neolithic,4.01,0.29,16.78,6.33,0.44,2.2,3.57,30.9,1.5,28.7,46.4,7.22,97.5,3.04,6.10,16.2,70,0.6,15.12,1.39,0.9
XP,CYC002,XPL_CYL_002_097_,9.7,Cyclops Cave 1,Limestone Fabric ,Limestone Fabric ,"Cyclops Cave, Youra, Sporades Islands, Greece",39.37219395,24.15593147,Cyclops Cave Neolithic 2,Red Monochrome,Middle Neolithic,4.01,0.29,16.78,6.33,0.44,2.2,3.57,30.9,1.5,28.7,46.4,7.22,97.5,3.04,6.10,16.2,70,0.6,15.12,1.39,0.9
PPL,CYC002,PPL_CYL_002_021_,2.1,Cyclops Cave 1,Limestone Fabric ,Limestone Fabric ,"Cyclops Cave, Youra, Sporades Islands, Greece",39.37219395,24.15593147,Cyclops Cave Neolithic 2,Red Monochrome,Middle Neolithic,4.01,0.29,16.78,6.33,0.44,2.2,3.57,30.9,1.5,28.7,46.4,7.22,97.5,3.04,6.10,16.2,70,0.6,15.12,1.39,0.9
XP,CYC002,XPL_CYL_002_021_,2.1,Cyclops Cave 1,Limestone Fabric ,Limestone Fabric ,"Cyclops Cave, Youra, Sporades Islands, Greece",39.37219395,24.15593147,Cyclops Cave Neolithic 2,Red Monochrome,Middle Neolithic,4.01,0.29,16.78,6.33,0.44,2.2,3.57,30.9,1.5,28.7,46.4,7.22,97.5,3.04,6.10,16.2,70,0.6,15.12,1.39,0.9
PPL,CYC003,PPL_CYL_003_097_,9.7,Cyclops Cave 1,Limestone Fabric ,Limestone Fabric ,"Cyclops Cave, Youra, Sporades Islands, Greece",39.37219395,24.15593147,Cyclops Cave Neolithic 3,Red Monochrome,Middle Neolithic,3.76,0.16,18.46,6.13,0.43,1.9,3.23,108.8,2.3,33.0,35.6,6.02,115,2.62,10.00,14.3,80,0.4,14.27,1.47,0.9
XP,CYC003,XPL_CYL_003_097_,9.7,Cyclops Cave 1,Limestone Fabric ,Limestone Fabric ,"Cyclops Cave, Youra, Sporades Islands, Greece",39.37219395,24.15593147,Cyclops Cave Neolithic 3,Red Monochrome,Middle Neolithic,3.76,0.16,18.46,6.13,0.43,1.9,3.23,108.8,2.3,33.0,35.6,6.02,115,2.62,10.00,14.3,80,0.4,14.27,1.47,0.9
PPL,CYC003,PPL_CYL_003_021_,2.1,Cyclops Cave 1,Limestone Fabric ,Limestone Fabric ,"Cyclops Cave, Youra, Sporades Islands, Greece",39.37219395,24.15593147,Cyclops Cave Neolithic 3,Red Monochrome,Middle Neolithic,3.76,0.16,18.46,6.13,0.43,1.9,3.23,108.8,2.3,33.0,35.6,6.02,115,2.62,10.00,14.3,80,0.4,14.27,1.47,0.9
XP,CYC003,XPL_CYL_003_021_,2.1,Cyclops Cave 1,Limestone Fabric ,Limestone Fabric ,"Cyclops Cave, Youra, Sporades Islands, Greece",39.37219395,24.15593147,Cyclops Cave Neolithic 3,Red Monochrome,Middle Neolithic,3.76,0.16,18.46,6.13,0.43,1.9,3.23,108.8,2.3,33.0,35.6,6.02,115,2.62,10.00,14.3,80,0.4,14.27,1.47,0.9
PPL,CYC004,PPL_CYL_004_097_,9.7,Cyclops Cave 6,Calcareous Grog Fabric ,Calcareous Grog Fabric ,"Cyclops Cave, Youra, Sporades Islands, Greece",39.37219395,24.15593147,Cyclops Cave Neolithic 4,Red Matt Painted,Middle Neolithic,3.46,0.37,11.82,6.51,0.46,3.0,3.59,24.5,1.4,33.8,66.7,12.60,168,4.42,8.42,21.5,80,1.0,19.21,1.38,1.0
XP,CYC004,XPL_CYL_004_097_,9.7,Cyclops Cave 6,Calcareous Grog Fabric ,Calcareous Grog Fabric ,"Cyclops Cave, Youra, Sporades Islands, Greece",39.37219395,24.15593147,Cyclops Cave Neolithic 4,Red Matt Painted,Middle Neolithic,3.46,0.37,11.82,6.51,0.46,3.0,3.59,24.5,1.4,33.8,66.7,12.60,168,4.42,8.42,21.5,80,1.0,19.21,1.38,1.0
PPL,CYC004,PPL_CYL_004_021_,2.1,Cyclops Cave 6,Calcareous Grog Fabric ,Calcareous Grog Fabric ,"Cyclops Cave, Youra, Sporades Islands, Greece",39.37219395,24.15593147,Cyclops Cave Neolithic 4,Red Matt Painted,Middle Neolithic,3.46,0.37,11.82,6.51,0.46,3.0,3.59,24.5,1.4,33.8,66.7,12.60,168,4.42,8.42,21.5,80,1.0,19.21,1.38,1.0
XP,CYC004,XPL_CYL_004_021_,2.1,Cyclops Cave 6,Calcareous Grog Fabric ,Calcareous Grog Fabric ,"Cyclops Cave, Youra, Sporades Islands, Greece",39.37219395,24.15593147,Cyclops Cave Neolithic 4,Red Matt Painted,Middle Neolithic,3.46,0.37,11.82,6.51,0.46,3.0,3.59,24.5,1.4,33.8,66.7,12.60,168,4.42,8.42,21.5,80,1.0,19.21,1.38,1.0
PPL,CYC005,PPL_CYL_005_097_,9.7,Cyclops Cave 6,Calcareous Grog Fabric ,Calcareous Grog Fabric ,"Cyclops Cave, Youra, Sporades Islands, Greece",39.37219395,24.15593147,Cyclops Cave Neolithic 5,Red Matt Painted,Middle Neolithic,3.29,0.18,13.58,5.16,0.35,2.5,2.81,7.8,0.9,25.6,51.5,9.20,164,3.28,7.99,17.9,90,0.7,20.39,1.10,0.6
XP,CYC005,XPL_CYL_005_097_,9.7,Cyclops Cave 6,Calcareous Grog Fabric ,Calcareous Grog Fabric ,"Cyclops Cave, Youra, Sporades Islands, Greece",39.37219395,24.15593147,Cyclops Cave Neolithic 5,Red Matt Painted,Middle Neolithic,3.29,0.18,13.58,5.16,0.35,2.5,2.81,7.8,0.9,25.6,51.5,9.20,164,3.28,7.99,17.9,90,0.7,20.39,1.10,0.6
PPL,CYC005,PPL_CYL_005_021_,2.1,Cyclops Cave 6,Calcareous Grog Fabric ,Calcareous Grog Fabric ,"Cyclops Cave, Youra, Sporades Islands, Greece",39.37219395,24.15593147,Cyclops Cave Neolithic 5,Red Matt Painted,Middle Neolithic,3.29,0.18,13.58,5.16,0.35,2.5,2.81,7.8,0.9,25.6,51.5,9.20,164,3.28,7.99,17.9,90,0.7,20.39,1.10,0.6
XP,CYC005,XPL_CYL_005_021_,2.1,Cyclops Cave 6,Calcareous Grog Fabric ,Calcareous Grog Fabric ,"Cyclops Cave, Youra, Sporades Islands, Greece",39.37219395,24.15593147,Cyclops Cave Neolithic 5,Red Matt Painted,Middle Neolithic,3.29,0.18,13.58,5.16,0.35,2.5,2.81,7.8,0.9,25.6,51.5,9.20,164,3.28,7.99,17.9,90,0.7,20.39,1.10,0.6
PPL,CYC006,PPL_CYL_006_097_,9.7,Cyclops Cave 1,Limestone Fabric ,Limestone Fabric ,"Cyclops Cave, Youra, Sporades Islands, Greece",39.37219395,24.15593147,Cyclops Cave Neolithic 6,Coarseware,Middle Neolithic,5.53,0.46,9.21,6.62,0.37,2.3,3.35,47.0,1.4,38.8,85.1,15.80,158,5.99,9.36,18.8,130,1.5,21.70,1.47,1.1
XP,CYC006,XPL_CYL_006_097_,9.7,Cyclops Cave 1,Limestone Fabric ,Limestone Fabric ,"Cyclops Cave, Youra, Sporades Islands, Greece",39.37219395,24.15593147,Cyclops Cave Neolithic 6,Coarseware,Middle Neolithic,5.53,0.46,9.21,6.62,0.37,2.3,3.35,47.0,1.4,38.8,85.1,15.80,158,5.99,9.36,18.8,130,1.5,21.70,1.47,1.1
PPL,CYC006,PPL_CYL_006_021_,2.1,Cyclops Cave 1,Limestone Fabric ,Limestone Fabric ,"Cyclops Cave, Youra, Sporades Islands, Greece",39.37219395,24.15593147,Cyclops Cave Neolithic 6,Coarseware,Middle Neolithic,5.53,0.46,9.21,6.62,0.37,2.3,3.35,47.0,1.4,38.8,85.1,15.80,158,5.99,9.36,18.8,130,1.5,21.70,1.47,1.1
XP,CYC006,XPL_CYL_006_021_,2.1,Cyclops Cave 1,Limestone Fabric ,Limestone Fabric ,"Cyclops Cave, Youra, Sporades Islands, Greece",39.37219395,24.15593147,Cyclops Cave Neolithic 6,Coarseware,Middle Neolithic,5.53,0.46,9.21,6.62,0.37,2.3,3.35,47.0,1.4,38.8,85.1,15.80,158,5.99,9.36,18.8,130,1.5,21.70,1.47,1.1
PPL,CYC007,PPL_CYL_007_097_,9.7,Cyclops Cave 1,Limestone Fabric ,Limestone Fabric ,"Cyclops Cave, Youra, Sporades Islands, Greece",39.37219395,24.15593147,Cyclops Cave Neolithic 7,Coarseware,Middle Neolithic,4.34,0.37,10.12,4.57,0.41,2.0,3.18,26.1,1.1,16.0,47.6,5.60,94.6,3.18,7.32,18.2,70,1.0,16.54,1.08,0.7
XP,CYC007,XPL_CYL_007_097_,9.7,Cyclops Cave 1,Limestone Fabric ,Limestone Fabric ,"Cyclops Cave, Youra, Sporades Islands, Greece",39.37219395,24.15593147,Cyclops Cave Neolithic 7,Coarseware,Middle Neolithic,4.34,0.37,10.12,4.57,0.41,2.0,3.18,26.1,1.1,16.0,47.6,5.60,94.6,3.18,7.32,18.2,70,1.0,16.54,1.08,0.7
PPL,CYC007,PPL_CYL_007_021_,2.1,Cyclops Cave 1,Limestone Fabric ,Limestone Fabric ,"Cyclops Cave, Youra, Sporades Islands, Greece",39.37219395,24.15593147,Cyclops Cave Neolithic 7,Coarseware,Middle Neolithic,4.34,0.37,10.12,4.57,0.41,2.0,3.18,26.1,1.1,16.0,47.6,5.60,94.6,3.18,7.32,18.2,70,1.0,16.54,1.08,0.7
XP,CYC007,XPL_CYL_007_021_,2.1,Cyclops Cave 1,Limestone Fabric ,Limestone Fabric ,"Cyclops Cave, Youra, Sporades Islands, Greece",39.37219395,24.15593147,Cyclops Cave Neolithic 7,Coarseware,Middle Neolithic,4.34,0.37,10.12,4.57,0.41,2.0,3.18,26.1,1.1,16.0,47.6,5.60,94.6,3.18,7.32,18.2,70,1.0,16.54,1.08,0.7
PPL,CYC008,PPL_CYL_008_097_,9.7,Cyclops Cave 5,Grog Fabric ,Grog Fabric ,"Cyclops Cave, Youra, Sporades Islands, Greece",39.37219395,24.15593147,Cyclops Cave Neolithic 8,Coarseware,Middle Neolithic,6.36,0.63,0.88,8.54,0.57,4.3,4.39,28.9,1.9,51.9,112.2,20.00,246,8.82,10.00,21.3,140,1.9,28.27,1.66,1.0
XP,CYC008,XPL_CYL_008_097_,9.7,Cyclops Cave 5,Grog Fabric ,Grog Fabric ,"Cyclops Cave, Youra, Sporades Islands, Greece",39.37219395,24.15593147,Cyclops Cave Neolithic 8,Coarseware,Middle Neolithic,6.36,0.63,0.88,8.54,0.57,4.3,4.39,28.9,1.9,51.9,112.2,20.00,246,8.82,10.00,21.3,140,1.9,28.27,1.66,1.0
PPL,CYC008,PPL_CYL_008_021_,2.1,Cyclops Cave 5,Grog Fabric ,Grog Fabric ,"Cyclops Cave, Youra, Sporades Islands, Greece",39.37219395,24.15593147,Cyclops Cave Neolithic 8,Coarseware,Middle Neolithic,6.36,0.63,0.88,8.54,0.57,4.3,4.39,28.9,1.9,51.9,112.2,20.00,246,8.82,10.00,21.3,140,1.9,28.27,1.66,1.0
XP,CYC008,XPL_CYL_008_021_,2.1,Cyclops Cave 5,Grog Fabric ,Grog Fabric ,"Cyclops Cave, Youra, Sporades Islands, Greece",39.37219395,24.15593147,Cyclops Cave Neolithic 8,Coarseware,Middle Neolithic,6.36,0.63,0.88,8.54,0.57,4.3,4.39,28.9,1.9,51.9,112.2,20.00,246,8.82,10.00,21.3,140,1.9,28.27,1.66,1.0
PPL,CYC009,PPL_CYL_009_097_,9.7,Cyclops Cave 1,Limestone Fabric ,Limestone Fabric ,"Cyclops Cave, Youra, Sporades Islands, Greece",39.37219395,24.15593147,Cyclops Cave Neolithic 9,Burnished,Middle Neolithic,4.87,0.31,14.96,4.96,0.40,2.4,2.82,135.2,2.7,19.6,38.4,8.20,108,2.85,13.20,18.4,90,0.6,27.15,1.13,0.7
XP,CYC009,XPL_CYL_009_097_,9.7,Cyclops Cave 1,Limestone Fabric ,Limestone Fabric ,"Cyclops Cave, Youra, Sporades Islands, Greece",39.37219395,24.15593147,Cyclops Cave Neolithic 9,Burnished,Middle Neolithic,4.87,0.31,14.96,4.96,0.40,2.4,2.82,135.2,2.7,19.6,38.4,8.20,108,2.85,13.20,18.4,90,0.6,27.15,1.13,0.7
PPL,CYC009,PPL_CYL_009_021_,2.1,Cyclops Cave 1,Limestone Fabric ,Limestone Fabric ,"Cyclops Cave, Youra, Sporades Islands, Greece",39.37219395,24.15593147,Cyclops Cave Neolithic 9,Burnished,Middle Neolithic,4.87,0.31,14.96,4.96,0.40,2.4,2.82,135.2,2.7,19.6,38.4,8.20,108,2.85,13.20,18.4,90,0.6,27.15,1.13,0.7
XP,CYC009,XPL_CYL_009_021_,2.1,Cyclops Cave 1,Limestone Fabric ,Limestone Fabric ,"Cyclops Cave, Youra, Sporades Islands, Greece",39.37219395,24.15593147,Cyclops Cave Neolithic 9,Burnished,Middle Neolithic,4.87,0.31,14.96,4.96,0.40,2.4,2.82,135.2,2.7,19.6,38.4,8.20,108,2.85,13.20,18.4,90,0.6,27.15,1.13,0.7
PPL,CYC010,PPL_CYL_010_097_,9.7,Cyclops Cave 2,Phyllite Fabric ,Phyllite Fabric ,"Cyclops Cave, Youra, Sporades Islands, Greece",39.37219395,24.15593147,Cyclops Cave Neolithic 10,Burnished,Middle Neolithic,5.06,0.59,0.20,9.71,0.41,2.4,3.47,3.9,0.8,55.3,126.8,16.90,206,6.56,11.30,18.0,170,1.2,22.38,1.93,1.1
XP,CYC010,XPL_CYL_010_097_,9.7,Cyclops Cave 2,Phyllite Fabric ,Phyllite Fabric ,"Cyclops Cave, Youra, Sporades Islands, Greece",39.37219395,24.15593147,Cyclops Cave Neolithic 10,Burnished,Middle Neolithic,5.06,0.59,0.20,9.71,0.41,2.4,3.47,3.9,0.8,55.3,126.8,16.90,206,6.56,11.30,18.0,170,1.2,22.38,1.93,1.1
PPL,CYC010,PPL_CYL_010_021_,2.1,Cyclops Cave 2,Phyllite Fabric ,Phyllite Fabric ,"Cyclops Cave, Youra, Sporades Islands, Greece",39.37219395,24.15593147,Cyclops Cave Neolithic 10,Burnished,Middle Neolithic,5.06,0.59,0.20,9.71,0.41,2.4,3.47,3.9,0.8,55.3,126.8,16.90,206,6.56,11.30,18.0,170,1.2,22.38,1.93,1.1
XP,CYC010,XPL_CYL_010_021_,2.1,Cyclops Cave 2,Phyllite Fabric ,Phyllite Fabric ,"Cyclops Cave, Youra, Sporades Islands, Greece",39.37219395,24.15593147,Cyclops Cave Neolithic 10,Burnished,Middle Neolithic,5.06,0.59,0.20,9.71,0.41,2.4,3.47,3.9,0.8,55.3,126.8,16.90,206,6.56,11.30,18.0,170,1.2,22.38,1.93,1.1
PPL,CYC011,PPL_CYL_011_097_,9.7,Cyclops Cave 1,Limestone Fabric ,Limestone Fabric ,"Cyclops Cave, Youra, Sporades Islands, Greece",39.37219395,24.15593147,Cyclops Cave Neolithic 11,Coarseware,Middle Neolithic,4.40,0.31,16.48,5.39,0.35,4.0,2.68,38.5,1.4,29.2,58.5,11.50,135,3.86,7.49,16.0,100,1.0,25.08,1.01,0.6
XP,CYC011,XPL_CYL_011_097_,9.7,Cyclops Cave 1,Limestone Fabric ,Limestone Fabric ,"Cyclops Cave, Youra, Sporades Islands, Greece",39.37219395,24.15593147,Cyclops Cave Neolithic 11,Coarseware,Middle Neolithic,4.40,0.31,16.48,5.39,0.35,4.0,2.68,38.5,1.4,29.2,58.5,11.50,135,3.86,7.49,16.0,100,1.0,25.08,1.01,0.6
PPL,CYC011,PPL_CYL_011_021_,2.1,Cyclops Cave 1,Limestone Fabric ,Limestone Fabric ,"Cyclops Cave, Youra, Sporades Islands, Greece",39.37219395,24.15593147,Cyclops Cave Neolithic 11,Coarseware,Middle Neolithic,4.40,0.31,16.48,5.39,0.35,4.0,2.68,38.5,1.4,29.2,58.5,11.50,135,3.86,7.49,16.0,100,1.0,25.08,1.01,0.6
XP,CYC011,XPL_CYL_011_021_,2.1,Cyclops Cave 1,Limestone Fabric ,Limestone Fabric ,"Cyclops Cave, Youra, Sporades Islands, Greece",39.37219395,24.15593147,Cyclops Cave Neolithic 11,Coarseware,Middle Neolithic,4.40,0.31,16.48,5.39,0.35,4.0,2.68,38.5,1.4,29.2,58.5,11.50,135,3.86,7.49,16.0,100,1.0,25.08,1.01,0.6
PPL,CYC012,PPL_CYL_012_097_,9.7,Cyclops Cave 1,Limestone Fabric ,Limestone Fabric ,"Cyclops Cave, Youra, Sporades Islands, Greece",39.37219395,24.15593147,Cyclops Cave Neolithic 12,Coarseware,Middle Neolithic,4.21,0.42,11.24,3.84,0.32,2.4,2.50,35.8,1.3,19.3,39.1,8.93,119,4.20,6.12,17.3,70,0.6,10.52,0.89,0.6
XP,CYC012,XPL_CYL_012_097_,9.7,Cyclops Cave 1,Limestone Fabric ,Limestone Fabric ,"Cyclops Cave, Youra, Sporades Islands, Greece",39.37219395,24.15593147,Cyclops Cave Neolithic 12,Coarseware,Middle Neolithic,4.21,0.42,11.24,3.84,0.32,2.4,2.50,35.8,1.3,19.3,39.1,8.93,119,4.20,6.12,17.3,70,0.6,10.52,0.89,0.6
PPL,CYC012,PPL_CYL_012_021_,2.1,Cyclops Cave 1,Limestone Fabric ,Limestone Fabric ,"Cyclops Cave, Youra, Sporades Islands, Greece",39.37219395,24.15593147,Cyclops Cave Neolithic 12,Coarseware,Middle Neolithic,4.21,0.42,11.24,3.84,0.32,2.4,2.50,35.8,1.3,19.3,39.1,8.93,119,4.20,6.12,17.3,70,0.6,10.52,0.89,0.6
XP,CYC012,XPL_CYL_012_021_,2.1,Cyclops Cave 1,Limestone Fabric ,Limestone Fabric ,"Cyclops Cave, Youra, Sporades Islands, Greece",39.37219395,24.15593147,Cyclops Cave Neolithic 12,Coarseware,Middle Neolithic,4.21,0.42,11.24,3.84,0.32,2.4,2.50,35.8,1.3,19.3,39.1,8.93,119,4.20,6.12,17.3,70,0.6,10.52,0.89,0.6
PPL,CYC013,PPL_CYL_013_097_,9.7,Cyclops Cave 1,Limestone Fabric ,Limestone Fabric ,"Cyclops Cave, Youra, Sporades Islands, Greece",39.37219395,24.15593147,Cyclops Cave Neolithic 13,Coarseware,Middle Neolithic,5.75,0.35,9.90,3.17,0.28,2.2,2.22,152.0,2.4,14.4,34.0,8.73,131,3.25,13.00,26.1,90,0.5,7.46,0.76,0.5
XP,CYC013,XPL_CYL_013_097_,9.7,Cyclops Cave 1,Limestone Fabric ,Limestone Fabric ,"Cyclops Cave, Youra, Sporades Islands, Greece",39.37219395,24.15593147,Cyclops Cave Neolithic 13,Coarseware,Middle Neolithic,5.75,0.35,9.90,3.17,0.28,2.2,2.22,152.0,2.4,14.4,34.0,8.73,131,3.25,13.00,26.1,90,0.5,7.46,0.76,0.5
PPL,CYC013,PPL_CYL_013_021_,2.1,Cyclops Cave 1,Limestone Fabric ,Limestone Fabric ,"Cyclops Cave, Youra, Sporades Islands, Greece",39.37219395,24.15593147,Cyclops Cave Neolithic 13,Coarseware,Middle Neolithic,5.75,0.35,9.90,3.17,0.28,2.2,2.22,152.0,2.4,14.4,34.0,8.73,131,3.25,13.00,26.1,90,0.5,7.46,0.76,0.5
XP,CYC013,XPL_CYL_013_021_,2.1,Cyclops Cave 1,Limestone Fabric ,Limestone Fabric ,"Cyclops Cave, Youra, Sporades Islands, Greece",39.37219395,24.15593147,Cyclops Cave Neolithic 13,Coarseware,Middle Neolithic,5.75,0.35,9.90,3.17,0.28,2.2,2.22,152.0,2.4,14.4,34.0,8.73,131,3.25,13.00,26.1,90,0.5,7.46,0.76,0.5
PPL,CYC014,PPL_CYL_014_097_,9.7,Cyclops Cave 1,Limestone Fabric ,Limestone Fabric ,"Cyclops Cave, Youra, Sporades Islands, Greece",39.37219395,24.15593147,Cyclops Cave Neolithic 14,Coarseware,Middle Neolithic,4.26,0.43,15.57,5.75,0.41,4.3,2.94,27.2,0.9,32.0,75.1,11.10,125,4.69,6.26,15.7,130,1.2,19.03,1.08,0.4
XP,CYC014,XPL_CYL_014_097_,9.7,Cyclops Cave 1,Limestone Fabric ,Limestone Fabric ,"Cyclops Cave, Youra, Sporades Islands, Greece",39.37219395,24.15593147,Cyclops Cave Neolithic 14,Coarseware,Middle Neolithic,4.26,0.43,15.57,5.75,0.41,4.3,2.94,27.2,0.9,32.0,75.1,11.10,125,4.69,6.26,15.7,130,1.2,19.03,1.08,0.4
PPL,CYC014,PPL_CYL_014_021_,2.1,Cyclops Cave 1,Limestone Fabric ,Limestone Fabric ,"Cyclops Cave, Youra, Sporades Islands, Greece",39.37219395,24.15593147,Cyclops Cave Neolithic 14,Coarseware,Middle Neolithic,4.26,0.43,15.57,5.75,0.41,4.3,2.94,27.2,0.9,32.0,75.1,11.10,125,4.69,6.26,15.7,130,1.2,19.03,1.08,0.4
XP,CYC014,XPL_CYL_014_021_,2.1,Cyclops Cave 1,Limestone Fabric ,Limestone Fabric ,"Cyclops Cave, Youra, Sporades Islands, Greece",39.37219395,24.15593147,Cyclops Cave Neolithic 14,Coarseware,Middle Neolithic,4.26,0.43,15.57,5.75,0.41,4.3,2.94,27.2,0.9,32.0,75.1,11.10,125,4.69,6.26,15.7,130,1.2,19.03,1.08,0.4
PPL,CYC015,PPL_CYL_015_097_,9.7,Cyclops Cave 8,Tuff Fabric ,Tuff Fabric ,"Cyclops Cave, Youra, Sporades Islands, Greece",39.37219395,24.15593147,Cyclops Cave Neolithic 15,Red Monochrome,Middle Neolithic,2.97,1.52,4.73,6.48,0.35,7.2,2.65,11.5,1.1,52.6,108.5,31.10,71,10.39,4.40,10.4,150,1.4,9.65,1.27,0.8
XP,CYC015,XPL_CYL_015_097_,9.7,Cyclops Cave 8,Tuff Fabric ,Tuff Fabric ,"Cyclops Cave, Youra, Sporades Islands, Greece",39.37219395,24.15593147,Cyclops Cave Neolithic 15,Red Monochrome,Middle Neolithic,2.97,1.52,4.73,6.48,0.35,7.2,2.65,11.5,1.1,52.6,108.5,31.10,71,10.39,4.40,10.4,150,1.4,9.65,1.27,0.8
PPL,CYC015,PPL_CYL_015_021_,2.1,Cyclops Cave 8,Tuff Fabric ,Tuff Fabric ,"Cyclops Cave, Youra, Sporades Islands, Greece",39.37219395,24.15593147,Cyclops Cave Neolithic 15,Red Monochrome,Middle Neolithic,2.97,1.52,4.73,6.48,0.35,7.2,2.65,11.5,1.1,52.6,108.5,31.10,71,10.39,4.40,10.4,150,1.4,9.65,1.27,0.8
XP,CYC015,XPL_CYL_015_021_,2.1,Cyclops Cave 8,Tuff Fabric ,Tuff Fabric ,"Cyclops Cave, Youra, Sporades Islands, Greece",39.37219395,24.15593147,Cyclops Cave Neolithic 15,Red Monochrome,Middle Neolithic,2.97,1.52,4.73,6.48,0.35,7.2,2.65,11.5,1.1,52.6,108.5,31.10,71,10.39,4.40,10.4,150,1.4,9.65,1.27,0.8
PPL,CYC016,PPL_CYL_015_097_,9.7,Cyclops Cave 1,Limestone Fabric ,Limestone Fabric ,"Cyclops Cave, Youra, Sporades Islands, Greece",39.37219395,24.15593147,Cyclops Cave Neolithic 16,Coarseware,Middle Neolithic,3.13,0.35,19.38,4.48,0.28,1.0,2.42,42.4,1.7,24.2,48.3,7.98,110,3.57,8.78,14.2,70,0.6,12.83,1.02,1.1
XP,CYC016,XPL_CYL_016_097_,9.7,Cyclops Cave 1,Limestone Fabric ,Limestone Fabric ,"Cyclops Cave, Youra, Sporades Islands, Greece",39.37219395,24.15593147,Cyclops Cave Neolithic 16,Coarseware,Middle Neolithic,3.13,0.35,19.38,4.48,0.28,1.0,2.42,42.4,1.7,24.2,48.3,7.98,110,3.57,8.78,14.2,70,0.6,12.83,1.02,1.1
PPL,CYC016,PPL_CYL_016_021_,2.1,Cyclops Cave 1,Limestone Fabric ,Limestone Fabric ,"Cyclops Cave, Youra, Sporades Islands, Greece",39.37219395,24.15593147,Cyclops Cave Neolithic 16,Coarseware,Middle Neolithic,3.13,0.35,19.38,4.48,0.28,1.0,2.42,42.4,1.7,24.2,48.3,7.98,110,3.57,8.78,14.2,70,0.6,12.83,1.02,1.1
XP,CYC016,XPL_CYL_016_021_,2.1,Cyclops Cave 1,Limestone Fabric ,Limestone Fabric ,"Cyclops Cave, Youra, Sporades Islands, Greece",39.37219395,24.15593147,Cyclops Cave Neolithic 16,Coarseware,Middle Neolithic,3.13,0.35,19.38,4.48,0.28,1.0,2.42,42.4,1.7,24.2,48.3,7.98,110,3.57,8.78,14.2,70,0.6,12.83,1.02,1.1
PPL,CYC017,PPL_CYL_017_097_,9.7,Cyclops Cave 2,Phyllite Fabric ,Phyllite Fabric ,"Cyclops Cave, Youra, Sporades Islands, Greece",39.37219395,24.15593147,Cyclops Cave Neolithic 17,Coarseware,Middle Neolithic,5.23,0.76,0.20,6.55,0.45,2.5,3.31,4.8,0.9,34.9,81.7,12.90,215,5.51,7.53,19.3,170,1.4,23.29,1.07,0.9
XP,CYC017,XPL_CYL_017_097_,9.7,Cyclops Cave 2,Phyllite Fabric ,Phyllite Fabric ,"Cyclops Cave, Youra, Sporades Islands, Greece",39.37219395,24.15593147,Cyclops Cave Neolithic 17,Coarseware,Middle Neolithic,5.23,0.76,0.20,6.55,0.45,2.5,3.31,4.8,0.9,34.9,81.7,12.90,215,5.51,7.53,19.3,170,1.4,23.29,1.07,0.9
PPL,CYC017,PPL_CYL_017_021_,2.1,Cyclops Cave 2,Phyllite Fabric ,Phyllite Fabric ,"Cyclops Cave, Youra, Sporades Islands, Greece",39.37219395,24.15593147,Cyclops Cave Neolithic 17,Coarseware,Middle Neolithic,5.23,0.76,0.20,6.55,0.45,2.5,3.31,4.8,0.9,34.9,81.7,12.90,215,5.51,7.53,19.3,170,1.4,23.29,1.07,0.9
XP,CYC017,XPL_CYL_017_021_,2.1,Cyclops Cave 2,Phyllite Fabric ,Phyllite Fabric ,"Cyclops Cave, Youra, Sporades Islands, Greece",39.37219395,24.15593147,Cyclops Cave Neolithic 17,Coarseware,Middle Neolithic,5.23,0.76,0.20,6.55,0.45,2.5,3.31,4.8,0.9,34.9,81.7,12.90,215,5.51,7.53,19.3,170,1.4,23.29,1.07,0.9
PPL,CYC018,PPL_CYL_018_097_,9.7,Cyclops Cave 9,Clay and Phyllite Fabric,Clay and Phyllite Fabric,"Cyclops Cave, Youra, Sporades Islands, Greece",39.37219395,24.15593147,Cyclops Cave Neolithic 18,Burnished,Late Neolithic I,6.34,0.63,0.20,3.68,0.43,1.6,3.70,37.3,2.2,8.30,12.1,3.56,66.3,2.81,5.16,27.4,50,0.6,10.64,0.93,1.6
XP,CYC018,XPL_CYL_018_097_,9.7,Cyclops Cave 9,Clay and Phyllite Fabric,Clay and Phyllite Fabric,"Cyclops Cave, Youra, Sporades Islands, Greece",39.37219395,24.15593147,Cyclops Cave Neolithic 18,Burnished,Late Neolithic I,6.34,0.63,0.20,3.68,0.43,1.6,3.70,37.3,2.2,8.30,12.1,3.56,66.3,2.81,5.16,27.4,50,0.6,10.64,0.93,1.6
PPL,CYC018,PPL_CYL_018_021_,2.1,Cyclops Cave 9,Clay and Phyllite Fabric,Clay and Phyllite Fabric,"Cyclops Cave, Youra, Sporades Islands, Greece",39.37219395,24.15593147,Cyclops Cave Neolithic 18,Burnished,Late Neolithic I,6.34,0.63,0.20,3.68,0.43,1.6,3.70,37.3,2.2,8.30,12.1,3.56,66.3,2.81,5.16,27.4,50,0.6,10.64,0.93,1.6
XP,CYC018,XPL_CYL_018_021_,2.1,Cyclops Cave 9,Clay and Phyllite Fabric,Clay and Phyllite Fabric,"Cyclops Cave, Youra, Sporades Islands, Greece",39.37219395,24.15593147,Cyclops Cave Neolithic 18,Burnished,Late Neolithic I,6.34,0.63,0.20,3.68,0.43,1.6,3.70,37.3,2.2,8.30,12.1,3.56,66.3,2.81,5.16,27.4,50,0.6,10.64,0.93,1.6
PPL,CYC019,PPL_CYL_019_097_,9.7,Cyclops Cave 8,Tuff Fabric ,Tuff Fabric ,"Cyclops Cave, Youra, Sporades Islands, Greece",39.37219395,24.15593147,Cyclops Cave Neolithic 19,Burnished,Middle Neolithic,2.91,1.63,5.19,5.99,0.35,6.0,2.70,12.7,1.3,50.5,105.3,32.70,75.2,9.84,4.67,10.2,120,1.2,11.68,1.33,0.7
XP,CYC019,XPL_CYL_019_097_,9.7,Cyclops Cave 8,Tuff Fabric ,Tuff Fabric ,"Cyclops Cave, Youra, Sporades Islands, Greece",39.37219395,24.15593147,Cyclops Cave Neolithic 19,Burnished,Middle Neolithic,2.91,1.63,5.19,5.99,0.35,6.0,2.70,12.7,1.3,50.5,105.3,32.70,75.2,9.84,4.67,10.2,120,1.2,11.68,1.33,0.7
PPL,CYC019,PPL_CYL_019_021_,2.1,Cyclops Cave 8,Tuff Fabric ,Tuff Fabric ,"Cyclops Cave, Youra, Sporades Islands, Greece",39.37219395,24.15593147,Cyclops Cave Neolithic 19,Burnished,Middle Neolithic,2.91,1.63,5.19,5.99,0.35,6.0,2.70,12.7,1.3,50.5,105.3,32.70,75.2,9.84,4.67,10.2,120,1.2,11.68,1.33,0.7
XP,CYC019,XPL_CYL_019_021_,2.1,Cyclops Cave 8,Tuff Fabric ,Tuff Fabric ,"Cyclops Cave, Youra, Sporades Islands, Greece",39.37219395,24.15593147,Cyclops Cave Neolithic 19,Burnished,Middle Neolithic,2.91,1.63,5.19,5.99,0.35,6.0,2.70,12.7,1.3,50.5,105.3,32.70,75.2,9.84,4.67,10.2,120,1.2,11.68,1.33,0.7
PPL,CYC020,PPL_CYL_020_097_,9.7,Cyclops Cave 1,Limestone Fabric ,Limestone Fabric ,"Cyclops Cave, Youra, Sporades Islands, Greece",39.37219395,24.15593147,Cyclops Cave Neolithic 20,Burnished,Middle Neolithic,4.81,0.52,11.72,5.13,0.40,2.0,2.89,42.1,1.1,28.2,66.6,13.10,132,4.42,7.90,16.3,90,1.1,17.26,0.86,0.8
XP,CYC020,XPL_CYL_020_097_,9.7,Cyclops Cave 1,Limestone Fabric ,Limestone Fabric ,"Cyclops Cave, Youra, Sporades Islands, Greece",39.37219395,24.15593147,Cyclops Cave Neolithic 20,Burnished,Middle Neolithic,4.81,0.52,11.72,5.13,0.40,2.0,2.89,42.1,1.1,28.2,66.6,13.10,132,4.42,7.90,16.3,90,1.1,17.26,0.86,0.8
PPL,CYC020,PPL_CYL_020_021_,2.1,Cyclops Cave 1,Limestone Fabric ,Limestone Fabric ,"Cyclops Cave, Youra, Sporades Islands, Greece",39.37219395,24.15593147,Cyclops Cave Neolithic 20,Burnished,Middle Neolithic,4.81,0.52,11.72,5.13,0.40,2.0,2.89,42.1,1.1,28.2,66.6,13.10,132,4.42,7.90,16.3,90,1.1,17.26,0.86,0.8
XP,CYC020,XPL_CYL_020_021_,2.1,Cyclops Cave 1,Limestone Fabric ,Limestone Fabric ,"Cyclops Cave, Youra, Sporades Islands, Greece",39.37219395,24.15593147,Cyclops Cave Neolithic 20,Burnished,Middle Neolithic,4.81,0.52,11.72,5.13,0.40,2.0,2.89,42.1,1.1,28.2,66.6,13.10,132,4.42,7.90,16.3,90,1.1,17.26,0.86,0.8
PPL,CYC021,PPL_CYL_021_097_,9.7,Cyclops Cave 4,Grog and Phyllite Fabric ,Grog and Phyllite Fabric ,"Cyclops Cave, Youra, Sporades Islands, Greece",39.37219395,24.15593147,Cyclops Cave Neolithic 21,Burnished,Late Neolithic I,5.06,0.74,0.20,4.70,0.42,0.6,3.57,7.5,1.0,15.1,37.9,4.93,123,3.59,3.82,22.2,70,0.7,18.76,1.29,0.9
XP,CYC021,XPL_CYL_021_097_,9.7,Cyclops Cave 4,Grog and Phyllite Fabric ,Grog and Phyllite Fabric ,"Cyclops Cave, Youra, Sporades Islands, Greece",39.37219395,24.15593147,Cyclops Cave Neolithic 21,Burnished,Late Neolithic I,5.06,0.74,0.20,4.70,0.42,0.6,3.57,7.5,1.0,15.1,37.9,4.93,123,3.59,3.82,22.2,70,0.7,18.76,1.29,0.9
PPL,CYC021,PPL_CYL_021_021_,2.1,Cyclops Cave 4,Grog and Phyllite Fabric ,Grog and Phyllite Fabric ,"Cyclops Cave, Youra, Sporades Islands, Greece",39.37219395,24.15593147,Cyclops Cave Neolithic 21,Burnished,Late Neolithic I,5.06,0.74,0.20,4.70,0.42,0.6,3.57,7.5,1.0,15.1,37.9,4.93,123,3.59,3.82,22.2,70,0.7,18.76,1.29,0.9
XP,CYC021,XPL_CYL_021_021_,2.1,Cyclops Cave 4,Grog and Phyllite Fabric ,Grog and Phyllite Fabric ,"Cyclops Cave, Youra, Sporades Islands, Greece",39.37219395,24.15593147,Cyclops Cave Neolithic 21,Burnished,Late Neolithic I,5.06,0.74,0.20,4.70,0.42,0.6,3.57,7.5,1.0,15.1,37.9,4.93,123,3.59,3.82,22.2,70,0.7,18.76,1.29,0.9
PPL,CYC022,PPL_CYL_022_097_,9.7,Cyclops Cave 2,Phyllite Fabric ,Phyllite Fabric ,"Cyclops Cave, Youra, Sporades Islands, Greece",39.37219395,24.15593147,Cyclops Cave Neolithic 22,Coarseware,Late Neolithic I,5.01,0.74,0.20,6.89,0.33,1.6,2.94,17.5,0.8,35.9,67.9,12.90,233,5.98,7.40,16.2,120,1.5,9.77,1.49,0.9
XP,CYC022,XPL_CYL_022_097_,9.7,Cyclops Cave 2,Phyllite Fabric ,Phyllite Fabric ,"Cyclops Cave, Youra, Sporades Islands, Greece",39.37219395,24.15593147,Cyclops Cave Neolithic 22,Coarseware,Late Neolithic I,5.01,0.74,0.20,6.89,0.33,1.6,2.94,17.5,0.8,35.9,67.9,12.90,233,5.98,7.40,16.2,120,1.5,9.77,1.49,0.9
PPL,CYC022,PPL_CYL_022_021_,2.1,Cyclops Cave 2,Phyllite Fabric ,Phyllite Fabric ,"Cyclops Cave, Youra, Sporades Islands, Greece",39.37219395,24.15593147,Cyclops Cave Neolithic 22,Coarseware,Late Neolithic I,5.01,0.74,0.20,6.89,0.33,1.6,2.94,17.5,0.8,35.9,67.9,12.90,233,5.98,7.40,16.2,120,1.5,9.77,1.49,0.9
XP,CYC022,XPL_CYL_022_021_,2.1,Cyclops Cave 2,Phyllite Fabric ,Phyllite Fabric ,"Cyclops Cave, Youra, Sporades Islands, Greece",39.37219395,24.15593147,Cyclops Cave Neolithic 22,Coarseware,Late Neolithic I,5.01,0.74,0.20,6.89,0.33,1.6,2.94,17.5,0.8,35.9,67.9,12.90,233,5.98,7.40,16.2,120,1.5,9.77,1.49,0.9
PPL,CYC023,PPL_CYL_023_097_,9.7,Cyclops Cave 1,Limestone Fabric ,Limestone Fabric ,"Cyclops Cave, Youra, Sporades Islands, Greece",39.37219395,24.15593147,Cyclops Cave Neolithic 23,Burnished,Late Neolithic I,5.21,0.74,6.28,4.72,0.43,2.3,3.37,39.5,1.6,19.7,56.9,9.20,130,5.03,7.75,19.7,80,0.7,30.57,1.14,0.8
XP,CYC023,XPL_CYL_023_097_,9.7,Cyclops Cave 1,Limestone Fabric ,Limestone Fabric ,"Cyclops Cave, Youra, Sporades Islands, Greece",39.37219395,24.15593147,Cyclops Cave Neolithic 23,Burnished,Late Neolithic I,5.21,0.74,6.28,4.72,0.43,2.3,3.37,39.5,1.6,19.7,56.9,9.20,130,5.03,7.75,19.7,80,0.7,30.57,1.14,0.8
PPL,CYC023,PPL_CYL_023_021_,2.1,Cyclops Cave 1,Limestone Fabric ,Limestone Fabric ,"Cyclops Cave, Youra, Sporades Islands, Greece",39.37219395,24.15593147,Cyclops Cave Neolithic 23,Burnished,Late Neolithic I,5.21,0.74,6.28,4.72,0.43,2.3,3.37,39.5,1.6,19.7,56.9,9.20,130,5.03,7.75,19.7,80,0.7,30.57,1.14,0.8
XP,CYC023,XPL_CYL_023_021_,2.1,Cyclops Cave 1,Limestone Fabric ,Limestone Fabric ,"Cyclops Cave, Youra, Sporades Islands, Greece",39.37219395,24.15593147,Cyclops Cave Neolithic 23,Burnished,Late Neolithic I,5.21,0.74,6.28,4.72,0.43,2.3,3.37,39.5,1.6,19.7,56.9,9.20,130,5.03,7.75,19.7,80,0.7,30.57,1.14,0.8
PPL,CYC024,PPL_CYL_024_097_,9.7,Cyclops Cave 1,Limestone Fabric ,Limestone Fabric ,"Cyclops Cave, Youra, Sporades Islands, Greece",39.37219395,24.15593147,Cyclops Cave Neolithic 24,Burnished,Late Neolithic I,4.65,0.28,16.27,4.01,0.40,3.0,2.74,111.2,2.9,14.6,33.6,7.11,106,2.22,12.60,17.6,110,0.9,16.42,0.80,0.7
XP,CYC024,XPL_CYL_024_097_,9.7,Cyclops Cave 1,Limestone Fabric ,Limestone Fabric ,"Cyclops Cave, Youra, Sporades Islands, Greece",39.37219395,24.15593147,Cyclops Cave Neolithic 24,Burnished,Late Neolithic I,4.65,0.28,16.27,4.01,0.40,3.0,2.74,111.2,2.9,14.6,33.6,7.11,106,2.22,12.60,17.6,110,0.9,16.42,0.80,0.7
PPL,CYC024,PPL_CYL_024_021_,2.1,Cyclops Cave 1,Limestone Fabric ,Limestone Fabric ,"Cyclops Cave, Youra, Sporades Islands, Greece",39.37219395,24.15593147,Cyclops Cave Neolithic 24,Burnished,Late Neolithic I,4.65,0.28,16.27,4.01,0.40,3.0,2.74,111.2,2.9,14.6,33.6,7.11,106,2.22,12.60,17.6,110,0.9,16.42,0.80,0.7
XP,CYC024,XPL_CYL_024_021_,2.1,Cyclops Cave 1,Limestone Fabric ,Limestone Fabric ,"Cyclops Cave, Youra, Sporades Islands, Greece",39.37219395,24.15593147,Cyclops Cave Neolithic 24,Burnished,Late Neolithic I,4.65,0.28,16.27,4.01,0.40,3.0,2.74,111.2,2.9,14.6,33.6,7.11,106,2.22,12.60,17.6,110,0.9,16.42,0.80,0.7
PPL,CYC025,PPL_CYL_025_097_,9.7,Cyclops Cave 1,Limestone Fabric ,Limestone Fabric ,"Cyclops Cave, Youra, Sporades Islands, Greece",39.37219395,24.15593147,Cyclops Cave Neolithic 25,Burnished,Late Neolithic I,3.97,0.28,14.04,4.81,0.38,2.4,2.95,46.5,2.1,32.3,52.2,8.77,147,4.24,9.10,16.0,90,0.8,15.19,0.95,0.5
XP,CYC025,XPL_CYL_025_097_,9.7,Cyclops Cave 1,Limestone Fabric ,Limestone Fabric ,"Cyclops Cave, Youra, Sporades Islands, Greece",39.37219395,24.15593147,Cyclops Cave Neolithic 25,Burnished,Late Neolithic I,3.97,0.28,14.04,4.81,0.38,2.4,2.95,46.5,2.1,32.3,52.2,8.77,147,4.24,9.10,16.0,90,0.8,15.19,0.95,0.5
PPL,CYC025,PPL_CYL_025_021_,2.1,Cyclops Cave 1,Limestone Fabric ,Limestone Fabric ,"Cyclops Cave, Youra, Sporades Islands, Greece",39.37219395,24.15593147,Cyclops Cave Neolithic 25,Burnished,Late Neolithic I,3.97,0.28,14.04,4.81,0.38,2.4,2.95,46.5,2.1,32.3,52.2,8.77,147,4.24,9.10,16.0,90,0.8,15.19,0.95,0.5
XP,CYC025,XPL_CYL_025_021_,2.1,Cyclops Cave 1,Limestone Fabric ,Limestone Fabric ,"Cyclops Cave, Youra, Sporades Islands, Greece",39.37219395,24.15593147,Cyclops Cave Neolithic 25,Burnished,Late Neolithic I,3.97,0.28,14.04,4.81,0.38,2.4,2.95,46.5,2.1,32.3,52.2,8.77,147,4.24,9.10,16.0,90,0.8,15.19,0.95,0.5
PPL,CYC026,PPL_CYL_026_097_,9.7,Cyclops Cave 2,Phyllite Fabric ,Phyllite Fabric ,"Cyclops Cave, Youra, Sporades Islands, Greece",39.37219395,24.15593147,Cyclops Cave Neolithic 26,Coarseware,Late Neolithic I,5.39,0.87,0.20,6.16,0.42,3.0,3.57,10.8,1.3,32.0,68.0,12.70,312,6.14,5.71,18.2,120,1.3,18.53,1.29,0.9
XP,CYC026,XPL_CYL_026_097_,9.7,Cyclops Cave 2,Phyllite Fabric ,Phyllite Fabric ,"Cyclops Cave, Youra, Sporades Islands, Greece",39.37219395,24.15593147,Cyclops Cave Neolithic 26,Coarseware,Late Neolithic I,5.39,0.87,0.20,6.16,0.42,3.0,3.57,10.8,1.3,32.0,68.0,12.70,312,6.14,5.71,18.2,120,1.3,18.53,1.29,0.9
PPL,CYC026,PPL_CYL_026_021_,2.1,Cyclops Cave 2,Phyllite Fabric ,Phyllite Fabric ,"Cyclops Cave, Youra, Sporades Islands, Greece",39.37219395,24.15593147,Cyclops Cave Neolithic 26,Coarseware,Late Neolithic I,5.39,0.87,0.20,6.16,0.42,3.0,3.57,10.8,1.3,32.0,68.0,12.70,312,6.14,5.71,18.2,120,1.3,18.53,1.29,0.9
XP,CYC026,XPL_CYL_026_021_,2.1,Cyclops Cave 2,Phyllite Fabric ,Phyllite Fabric ,"Cyclops Cave, Youra, Sporades Islands, Greece",39.37219395,24.15593147,Cyclops Cave Neolithic 26,Coarseware,Late Neolithic I,5.39,0.87,0.20,6.16,0.42,3.0,3.57,10.8,1.3,32.0,68.0,12.70,312,6.14,5.71,18.2,120,1.3,18.53,1.29,0.9
PPL,CYC027,PPL_CYL_027_097_,9.7,Cyclops Cave 2,Phyllite Fabric ,Phyllite Fabric ,"Cyclops Cave, Youra, Sporades Islands, Greece",39.37219395,24.15593147,Cyclops Cave Neolithic 27,Coarseware,Late Neolithic I,5.90,0.84,0.20,5.88,0.30,1.1,2.37,26.1,4.9,16.3,37.8,6.66,309,2.98,4.23,25.7,80,0.8,17.16,0.89,1.1
XP,CYC027,XPL_CYL_027_097_,9.7,Cyclops Cave 2,Phyllite Fabric ,Phyllite Fabric ,"Cyclops Cave, Youra, Sporades Islands, Greece",39.37219395,24.15593147,Cyclops Cave Neolithic 27,Coarseware,Late Neolithic I,5.90,0.84,0.20,5.88,0.30,1.1,2.37,26.1,4.9,16.3,37.8,6.66,309,2.98,4.23,25.7,80,0.8,17.16,0.89,1.1
PPL,CYC027,PPL_CYL_027_021_,2.1,Cyclops Cave 2,Phyllite Fabric ,Phyllite Fabric ,"Cyclops Cave, Youra, Sporades Islands, Greece",39.37219395,24.15593147,Cyclops Cave Neolithic 27,Coarseware,Late Neolithic I,5.90,0.84,0.20,5.88,0.30,1.1,2.37,26.1,4.9,16.3,37.8,6.66,309,2.98,4.23,25.7,80,0.8,17.16,0.89,1.1
XP,CYC027,XPL_CYL_027_021_,2.1,Cyclops Cave 2,Phyllite Fabric ,Phyllite Fabric ,"Cyclops Cave, Youra, Sporades Islands, Greece",39.37219395,24.15593147,Cyclops Cave Neolithic 27,Coarseware,Late Neolithic I,5.90,0.84,0.20,5.88,0.30,1.1,2.37,26.1,4.9,16.3,37.8,6.66,309,2.98,4.23,25.7,80,0.8,17.16,0.89,1.1
PPL,CYC028,PPL_CYL_028_097_,9.7,Cyclops Cave 1,Limestone Fabric ,Limestone Fabric ,"Cyclops Cave, Youra, Sporades Islands, Greece",39.37219395,24.15593147,Cyclops Cave Neolithic 28,Coarseware,Late Neolithic I,4.42,0.26,18.00,6.79,0.47,2.0,3.74,70.2,1.8,30.6,45.1,9.81,111,3.04,8.68,17.8,80,0.6,14.62,1.52,1.0
XP,CYC028,XPL_CYL_028_097_,9.7,Cyclops Cave 1,Limestone Fabric ,Limestone Fabric ,"Cyclops Cave, Youra, Sporades Islands, Greece",39.37219395,24.15593147,Cyclops Cave Neolithic 28,Coarseware,Late Neolithic I,4.42,0.26,18.00,6.79,0.47,2.0,3.74,70.2,1.8,30.6,45.1,9.81,111,3.04,8.68,17.8,80,0.6,14.62,1.52,1.0
PPL,CYC028,PPL_CYL_028_021_,2.1,Cyclops Cave 1,Limestone Fabric ,Limestone Fabric ,"Cyclops Cave, Youra, Sporades Islands, Greece",39.37219395,24.15593147,Cyclops Cave Neolithic 28,Coarseware,Late Neolithic I,4.42,0.26,18.00,6.79,0.47,2.0,3.74,70.2,1.8,30.6,45.1,9.81,111,3.04,8.68,17.8,80,0.6,14.62,1.52,1.0
XP,CYC028,XPL_CYL_028_021_,2.1,Cyclops Cave 1,Limestone Fabric ,Limestone Fabric ,"Cyclops Cave, Youra, Sporades Islands, Greece",39.37219395,24.15593147,Cyclops Cave Neolithic 28,Coarseware,Late Neolithic I,4.42,0.26,18.00,6.79,0.47,2.0,3.74,70.2,1.8,30.6,45.1,9.81,111,3.04,8.68,17.8,80,0.6,14.62,1.52,1.0
PPL,CYC029,PPL_CYL_029_097_,9.7,Cyclops Cave 2,Phyllite Fabric ,Phyllite Fabric ,"Cyclops Cave, Youra, Sporades Islands, Greece",39.37219395,24.15593147,Cyclops Cave Neolithic 29,Coarseware,Late Neolithic I,6.22,1.28,0.20,4.53,0.45,2.8,3.31,11.6,0.9,14.5,34.4,5.43,136,3.69,4.20,28.3,70,0.5,13.77,1.20,0.7
XP,CYC029,XPL_CYL_029_097_,9.7,Cyclops Cave 2,Phyllite Fabric ,Phyllite Fabric ,"Cyclops Cave, Youra, Sporades Islands, Greece",39.37219395,24.15593147,Cyclops Cave Neolithic 29,Coarseware,Late Neolithic I,6.22,1.28,0.20,4.53,0.45,2.8,3.31,11.6,0.9,14.5,34.4,5.43,136,3.69,4.20,28.3,70,0.5,13.77,1.20,0.7
PPL,CYC029,PPL_CYL_029_021_,2.1,Cyclops Cave 2,Phyllite Fabric ,Phyllite Fabric ,"Cyclops Cave, Youra, Sporades Islands, Greece",39.37219395,24.15593147,Cyclops Cave Neolithic 29,Coarseware,Late Neolithic I,6.22,1.28,0.20,4.53,0.45,2.8,3.31,11.6,0.9,14.5,34.4,5.43,136,3.69,4.20,28.3,70,0.5,13.77,1.20,0.7
XP,CYC029,XPL_CYL_029_021_,2.1,Cyclops Cave 2,Phyllite Fabric ,Phyllite Fabric ,"Cyclops Cave, Youra, Sporades Islands, Greece",39.37219395,24.15593147,Cyclops Cave Neolithic 29,Coarseware,Late Neolithic I,6.22,1.28,0.20,4.53,0.45,2.8,3.31,11.6,0.9,14.5,34.4,5.43,136,3.69,4.20,28.3,70,0.5,13.77,1.20,0.7
PPL,CYC030,PPL_CYL_030_097_,9.7,Cyclops Cave 11,Polycrystalline Quartz Fabric 2,Polycrystalline Quartz Fabric 2,"Cyclops Cave, Youra, Sporades Islands, Greece",39.37219395,24.15593147,Cyclops Cave Neolithic 30,Coarseware,Late Neolithic I,5.57,0.55,0.99,9.62,0.55,2.2,4.48,31.6,2.3,39.3,48.1,6.17,161,3.64,5.68,20.0,80,0.5,27.17,2.67,1.2
XP,CYC030,XPL_CYL_030_097_,9.7,Cyclops Cave 11,Polycrystalline Quartz Fabric 2,Polycrystalline Quartz Fabric 2,"Cyclops Cave, Youra, Sporades Islands, Greece",39.37219395,24.15593147,Cyclops Cave Neolithic 30,Coarseware,Late Neolithic I,5.57,0.55,0.99,9.62,0.55,2.2,4.48,31.6,2.3,39.3,48.1,6.17,161,3.64,5.68,20.0,80,0.5,27.17,2.67,1.2
PPL,CYC030,PPL_CYL_030_021_,2.1,Cyclops Cave 11,Polycrystalline Quartz Fabric 2,Polycrystalline Quartz Fabric 2,"Cyclops Cave, Youra, Sporades Islands, Greece",39.37219395,24.15593147,Cyclops Cave Neolithic 30,Coarseware,Late Neolithic I,5.57,0.55,0.99,9.62,0.55,2.2,4.48,31.6,2.3,39.3,48.1,6.17,161,3.64,5.68,20.0,80,0.5,27.17,2.67,1.2
XP,CYC030,XPL_CYL_030_021_,2.1,Cyclops Cave 11,Polycrystalline Quartz Fabric 2,Polycrystalline Quartz Fabric 2,"Cyclops Cave, Youra, Sporades Islands, Greece",39.37219395,24.15593147,Cyclops Cave Neolithic 30,Coarseware,Late Neolithic I,5.57,0.55,0.99,9.62,0.55,2.2,4.48,31.6,2.3,39.3,48.1,6.17,161,3.64,5.68,20.0,80,0.5,27.17,2.67,1.2
PPL,CYC031,PPL_CYL_031_097_,9.7,Cyclops Cave 5,Grog Fabric ,Grog Fabric ,"Cyclops Cave, Youra, Sporades Islands, Greece",39.37219395,24.15593147,Cyclops Cave Neolithic 31,Coarseware,Late Neolithic I,7.82,0.48,2.41,18.11,1.07,2.5,8.82,40.5,2.4,105.8,126.2,16.90,355,4.91,8.87,26.3,120,1.2,43.28,4.42,2.8
XP,CYC031,XPL_CYL_031_097_,9.7,Cyclops Cave 5,Grog Fabric ,Grog Fabric ,"Cyclops Cave, Youra, Sporades Islands, Greece",39.37219395,24.15593147,Cyclops Cave Neolithic 31,Coarseware,Late Neolithic I,7.82,0.48,2.41,18.11,1.07,2.5,8.82,40.5,2.4,105.8,126.2,16.90,355,4.91,8.87,26.3,120,1.2,43.28,4.42,2.8
PPL,CYC031,PPL_CYL_031_021_,2.1,Cyclops Cave 5,Grog Fabric ,Grog Fabric ,"Cyclops Cave, Youra, Sporades Islands, Greece",39.37219395,24.15593147,Cyclops Cave Neolithic 31,Coarseware,Late Neolithic I,7.82,0.48,2.41,18.11,1.07,2.5,8.82,40.5,2.4,105.8,126.2,16.90,355,4.91,8.87,26.3,120,1.2,43.28,4.42,2.8
XP,CYC031,XPL_CYL_031_021_,2.1,Cyclops Cave 5,Grog Fabric ,Grog Fabric ,"Cyclops Cave, Youra, Sporades Islands, Greece",39.37219395,24.15593147,Cyclops Cave Neolithic 31,Coarseware,Late Neolithic I,7.82,0.48,2.41,18.11,1.07,2.5,8.82,40.5,2.4,105.8,126.2,16.90,355,4.91,8.87,26.3,120,1.2,43.28,4.42,2.8
PPL,CYC032,PPL_CYL_032_097_,9.7,Cyclops Cave 2,Phyllite Fabric ,Phyllite Fabric ,"Cyclops Cave, Youra, Sporades Islands, Greece",39.37219395,24.15593147,Cyclops Cave Neolithic 32,Coarseware,Late Neolithic I,5.81,0.66,0.31,7.40,0.46,3.1,3.72,12.2,1.0,40.0,78.1,13.40,242,8.19,11.30,21.5,150,1.1,23.01,1.53,1.0
XP,CYC032,XPL_CYL_032_097_,9.7,Cyclops Cave 2,Phyllite Fabric ,Phyllite Fabric ,"Cyclops Cave, Youra, Sporades Islands, Greece",39.37219395,24.15593147,Cyclops Cave Neolithic 32,Coarseware,Late Neolithic I,5.81,0.66,0.31,7.40,0.46,3.1,3.72,12.2,1.0,40.0,78.1,13.40,242,8.19,11.30,21.5,150,1.1,23.01,1.53,1.0
PPL,CYC032,PPL_CYL_032_021_,2.1,Cyclops Cave 2,Phyllite Fabric ,Phyllite Fabric ,"Cyclops Cave, Youra, Sporades Islands, Greece",39.37219395,24.15593147,Cyclops Cave Neolithic 32,Coarseware,Late Neolithic I,5.81,0.66,0.31,7.40,0.46,3.1,3.72,12.2,1.0,40.0,78.1,13.40,242,8.19,11.30,21.5,150,1.1,23.01,1.53,1.0
XP,CYC032,XPL_CYL_032_021_,2.1,Cyclops Cave 2,Phyllite Fabric ,Phyllite Fabric ,"Cyclops Cave, Youra, Sporades Islands, Greece",39.37219395,24.15593147,Cyclops Cave Neolithic 32,Coarseware,Late Neolithic I,5.81,0.66,0.31,7.40,0.46,3.1,3.72,12.2,1.0,40.0,78.1,13.40,242,8.19,11.30,21.5,150,1.1,23.01,1.53,1.0
PPL,CYC033,PPL_CYL_033_097_,9.7,Cyclops Cave 1,Limestone Fabric ,Limestone Fabric ,"Cyclops Cave, Youra, Sporades Islands, Greece",39.37219395,24.15593147,Cyclops Cave Neolithic 33,Fineware,Middle Neolithic,4.62,0.26,16.72,7.00,0.45,1.7,3.55,84.0,1.3,29.4,26.4,7.84,105,3.02,4.68,18.6,60,0.6,9.39,1.66,1.0
XP,CYC033,XPL_CYL_033_097_,9.7,Cyclops Cave 1,Limestone Fabric ,Limestone Fabric ,"Cyclops Cave, Youra, Sporades Islands, Greece",39.37219395,24.15593147,Cyclops Cave Neolithic 33,Fineware,Middle Neolithic,4.62,0.26,16.72,7.00,0.45,1.7,3.55,84.0,1.3,29.4,26.4,7.84,105,3.02,4.68,18.6,60,0.6,9.39,1.66,1.0
PPL,CYC033,PPL_CYL_033_021_,2.1,Cyclops Cave 1,Limestone Fabric ,Limestone Fabric ,"Cyclops Cave, Youra, Sporades Islands, Greece",39.37219395,24.15593147,Cyclops Cave Neolithic 33,Fineware,Middle Neolithic,4.62,0.26,16.72,7.00,0.45,1.7,3.55,84.0,1.3,29.4,26.4,7.84,105,3.02,4.68,18.6,60,0.6,9.39,1.66,1.0
XP,CYC033,XPL_CYL_033_021_,2.1,Cyclops Cave 1,Limestone Fabric ,Limestone Fabric ,"Cyclops Cave, Youra, Sporades Islands, Greece",39.37219395,24.15593147,Cyclops Cave Neolithic 33,Fineware,Middle Neolithic,4.62,0.26,16.72,7.00,0.45,1.7,3.55,84.0,1.3,29.4,26.4,7.84,105,3.02,4.68,18.6,60,0.6,9.39,1.66,1.0
PPL,CYC034,PPL_CYL_034_097_,9.7,Cyclops Cave 1,Limestone Fabric ,Limestone Fabric ,"Cyclops Cave, Youra, Sporades Islands, Greece",39.37219395,24.15593147,Cyclops Cave Neolithic 34,Fineware,Middle Neolithic,3.82,0.34,17.03,4.66,0.31,1.5,2.44,88.9,1.5,20.4,27.9,6.28,101,2.90,5.84,15.8,60,0.6,9.33,1.05,0.6
XP,CYC034,XPL_CYL_034_097_,9.7,Cyclops Cave 1,Limestone Fabric ,Limestone Fabric ,"Cyclops Cave, Youra, Sporades Islands, Greece",39.37219395,24.15593147,Cyclops Cave Neolithic 34,Fineware,Middle Neolithic,3.82,0.34,17.03,4.66,0.31,1.5,2.44,88.9,1.5,20.4,27.9,6.28,101,2.90,5.84,15.8,60,0.6,9.33,1.05,0.6
PPL,CYC034,PPL_CYL_034_021_,2.1,Cyclops Cave 1,Limestone Fabric ,Limestone Fabric ,"Cyclops Cave, Youra, Sporades Islands, Greece",39.37219395,24.15593147,Cyclops Cave Neolithic 34,Fineware,Middle Neolithic,3.82,0.34,17.03,4.66,0.31,1.5,2.44,88.9,1.5,20.4,27.9,6.28,101,2.90,5.84,15.8,60,0.6,9.33,1.05,0.6
XP,CYC034,XPL_CYL_034_021_,2.1,Cyclops Cave 1,Limestone Fabric ,Limestone Fabric ,"Cyclops Cave, Youra, Sporades Islands, Greece",39.37219395,24.15593147,Cyclops Cave Neolithic 34,Fineware,Middle Neolithic,3.82,0.34,17.03,4.66,0.31,1.5,2.44,88.9,1.5,20.4,27.9,6.28,101,2.90,5.84,15.8,60,0.6,9.33,1.05,0.6
PPL,CYC035,PPL_CYL_035_097_,9.7,Cyclops Cave 1,Limestone Fabric ,Limestone Fabric ,"Cyclops Cave, Youra, Sporades Islands, Greece",39.37219395,24.15593147,Cyclops Cave Neolithic 35,Fineware,Middle Neolithic,4.13,0.20,19.77,5.87,0.35,1.7,2.67,54.6,1.1,24.8,35.2,7.59,98.3,2.61,6.38,15.4,60,0.6,10.94,1.38,0.7
XP,CYC035,XPL_CYL_035_097_,9.7,Cyclops Cave 1,Limestone Fabric ,Limestone Fabric ,"Cyclops Cave, Youra, Sporades Islands, Greece",39.37219395,24.15593147,Cyclops Cave Neolithic 35,Fineware,Middle Neolithic,4.13,0.20,19.77,5.87,0.35,1.7,2.67,54.6,1.1,24.8,35.2,7.59,98.3,2.61,6.38,15.4,60,0.6,10.94,1.38,0.7
PPL,CYC035,PPL_CYL_035_021_,2.1,Cyclops Cave 1,Limestone Fabric ,Limestone Fabric ,"Cyclops Cave, Youra, Sporades Islands, Greece",39.37219395,24.15593147,Cyclops Cave Neolithic 35,Fineware,Middle Neolithic,4.13,0.20,19.77,5.87,0.35,1.7,2.67,54.6,1.1,24.8,35.2,7.59,98.3,2.61,6.38,15.4,60,0.6,10.94,1.38,0.7
XP,CYC035,XPL_CYL_035_021_,2.1,Cyclops Cave 1,Limestone Fabric ,Limestone Fabric ,"Cyclops Cave, Youra, Sporades Islands, Greece",39.37219395,24.15593147,Cyclops Cave Neolithic 35,Fineware,Middle Neolithic,4.13,0.20,19.77,5.87,0.35,1.7,2.67,54.6,1.1,24.8,35.2,7.59,98.3,2.61,6.38,15.4,60,0.6,10.94,1.38,0.7
PPL,CYC036,PPL_CYL_036_097_,9.7,Cyclops Cave 1,Limestone Fabric ,Limestone Fabric ,"Cyclops Cave, Youra, Sporades Islands, Greece",39.37219395,24.15593147,Cyclops Cave Neolithic 36,Fineware,Middle Neolithic,4.77,0.23,15.10,5.22,0.36,1.6,2.93,100.2,4.8,24.8,44.3,11.40,108,2.27,12.90,20.8,110,0.7,17.25,1.23,0.9
XP,CYC036,XPL_CYL_036_097_,9.7,Cyclops Cave 1,Limestone Fabric ,Limestone Fabric ,"Cyclops Cave, Youra, Sporades Islands, Greece",39.37219395,24.15593147,Cyclops Cave Neolithic 36,Fineware,Middle Neolithic,4.77,0.23,15.10,5.22,0.36,1.6,2.93,100.2,4.8,24.8,44.3,11.40,108,2.27,12.90,20.8,110,0.7,17.25,1.23,0.9
PPL,CYC036,PPL_CYL_036_021_,2.1,Cyclops Cave 1,Limestone Fabric ,Limestone Fabric ,"Cyclops Cave, Youra, Sporades Islands, Greece",39.37219395,24.15593147,Cyclops Cave Neolithic 36,Fineware,Middle Neolithic,4.77,0.23,15.10,5.22,0.36,1.6,2.93,100.2,4.8,24.8,44.3,11.40,108,2.27,12.90,20.8,110,0.7,17.25,1.23,0.9
XP,CYC036,XPL_CYL_036_021_,2.1,Cyclops Cave 1,Limestone Fabric ,Limestone Fabric ,"Cyclops Cave, Youra, Sporades Islands, Greece",39.37219395,24.15593147,Cyclops Cave Neolithic 36,Fineware,Middle Neolithic,4.77,0.23,15.10,5.22,0.36,1.6,2.93,100.2,4.8,24.8,44.3,11.40,108,2.27,12.90,20.8,110,0.7,17.25,1.23,0.9
PPL,CYC037,PPL_CYL_037_097_,9.7,Cyclops Cave 1,Limestone Fabric ,Limestone Fabric ,"Cyclops Cave, Youra, Sporades Islands, Greece",39.37219395,24.15593147,Cyclops Cave Neolithic 37,Fineware,Middle Neolithic,4.58,0.19,17.36,4.79,0.36,2.6,2.46,61.8,2.5,22.7,48.4,11.70,110,3.48,11.80,18.2,100,0.8,15.89,0.97,0.6
XP,CYC037,XPL_CYL_037_097_,9.7,Cyclops Cave 1,Limestone Fabric ,Limestone Fabric ,"Cyclops Cave, Youra, Sporades Islands, Greece",39.37219395,24.15593147,Cyclops Cave Neolithic 37,Fineware,Middle Neolithic,4.58,0.19,17.36,4.79,0.36,2.6,2.46,61.8,2.5,22.7,48.4,11.70,110,3.48,11.80,18.2,100,0.8,15.89,0.97,0.6
PPL,CYC037,PPL_CYL_037_021_,2.1,Cyclops Cave 1,Limestone Fabric ,Limestone Fabric ,"Cyclops Cave, Youra, Sporades Islands, Greece",39.37219395,24.15593147,Cyclops Cave Neolithic 37,Fineware,Middle Neolithic,4.58,0.19,17.36,4.79,0.36,2.6,2.46,61.8,2.5,22.7,48.4,11.70,110,3.48,11.80,18.2,100,0.8,15.89,0.97,0.6
XP,CYC037,XPL_CYL_037_021_,2.1,Cyclops Cave 1,Limestone Fabric ,Limestone Fabric ,"Cyclops Cave, Youra, Sporades Islands, Greece",39.37219395,24.15593147,Cyclops Cave Neolithic 37,Fineware,Middle Neolithic,4.58,0.19,17.36,4.79,0.36,2.6,2.46,61.8,2.5,22.7,48.4,11.70,110,3.48,11.80,18.2,100,0.8,15.89,0.97,0.6
PPL,CYC038,PPL_CYL_038_097_,9.7,Cyclops Cave 1,Limestone Fabric ,Limestone Fabric ,"Cyclops Cave, Youra, Sporades Islands, Greece",39.37219395,24.15593147,Cyclops Cave Neolithic 38,Fineware,Middle Neolithic,3.53,0.32,16.93,3.55,0.30,2.0,2.36,45.1,0.8,17.0,35.5,8.42,104,3.79,5.20,13.4,70,0.7,5.97,0.76,0.6
XP,CYC038,XPL_CYL_038_097_,9.7,Cyclops Cave 1,Limestone Fabric ,Limestone Fabric ,"Cyclops Cave, Youra, Sporades Islands, Greece",39.37219395,24.15593147,Cyclops Cave Neolithic 38,Fineware,Middle Neolithic,3.53,0.32,16.93,3.55,0.30,2.0,2.36,45.1,0.8,17.0,35.5,8.42,104,3.79,5.20,13.4,70,0.7,5.97,0.76,0.6
PPL,CYC038,PPL_CYL_038_021_,2.1,Cyclops Cave 1,Limestone Fabric ,Limestone Fabric ,"Cyclops Cave, Youra, Sporades Islands, Greece",39.37219395,24.15593147,Cyclops Cave Neolithic 38,Fineware,Middle Neolithic,3.53,0.32,16.93,3.55,0.30,2.0,2.36,45.1,0.8,17.0,35.5,8.42,104,3.79,5.20,13.4,70,0.7,5.97,0.76,0.6
XP,CYC038,XPL_CYL_038_021_,2.1,Cyclops Cave 1,Limestone Fabric ,Limestone Fabric ,"Cyclops Cave, Youra, Sporades Islands, Greece",39.37219395,24.15593147,Cyclops Cave Neolithic 38,Fineware,Middle Neolithic,3.53,0.32,16.93,3.55,0.30,2.0,2.36,45.1,0.8,17.0,35.5,8.42,104,3.79,5.20,13.4,70,0.7,5.97,0.76,0.6
PPL,CYC039,PPL_CYL_039_097_,9.7,Cyclops Cave 1,Limestone Fabric ,Limestone Fabric ,"Cyclops Cave, Youra, Sporades Islands, Greece",39.37219395,24.15593147,Cyclops Cave Neolithic 39,Fineware,Middle Neolithic,4.44,0.25,16.27,4.73,0.34,2.1,2.68,76.8,3.4,23.6,44.7,11.10,97.6,3.11,12.00,18.0,100,0.8,16.15,0.99,0.9
XP,CYC039,XPL_CYL_039_097_,9.7,Cyclops Cave 1,Limestone Fabric ,Limestone Fabric ,"Cyclops Cave, Youra, Sporades Islands, Greece",39.37219395,24.15593147,Cyclops Cave Neolithic 39,Fineware,Middle Neolithic,4.44,0.25,16.27,4.73,0.34,2.1,2.68,76.8,3.4,23.6,44.7,11.10,97.6,3.11,12.00,18.0,100,0.8,16.15,0.99,0.9
PPL,CYC039,PPL_CYL_039_021_,2.1,Cyclops Cave 1,Limestone Fabric ,Limestone Fabric ,"Cyclops Cave, Youra, Sporades Islands, Greece",39.37219395,24.15593147,Cyclops Cave Neolithic 39,Fineware,Middle Neolithic,4.44,0.25,16.27,4.73,0.34,2.1,2.68,76.8,3.4,23.6,44.7,11.10,97.6,3.11,12.00,18.0,100,0.8,16.15,0.99,0.9
XP,CYC039,XPL_CYL_039_021_,2.1,Cyclops Cave 1,Limestone Fabric ,Limestone Fabric ,"Cyclops Cave, Youra, Sporades Islands, Greece",39.37219395,24.15593147,Cyclops Cave Neolithic 39,Fineware,Middle Neolithic,4.44,0.25,16.27,4.73,0.34,2.1,2.68,76.8,3.4,23.6,44.7,11.10,97.6,3.11,12.00,18.0,100,0.8,16.15,0.99,0.9
PPL,CYC040,PPL_CYL_040_097_,9.7,Cyclops Cave 1,Limestone Fabric ,Limestone Fabric ,"Cyclops Cave, Youra, Sporades Islands, Greece",39.37219395,24.15593147,Cyclops Cave Neolithic 40,Fineware,Middle Neolithic,3.85,0.18,20.94,8.92,0.38,2.0,3.07,120.1,1.3,19.3,38.7,6.68,101,2.76,6.60,16.5,60,0.5,21.40,1.27,0.7
XP,CYC040,XPL_CYL_040_097_,9.7,Cyclops Cave 1,Limestone Fabric ,Limestone Fabric ,"Cyclops Cave, Youra, Sporades Islands, Greece",39.37219395,24.15593147,Cyclops Cave Neolithic 40,Fineware,Middle Neolithic,3.85,0.18,20.94,8.92,0.38,2.0,3.07,120.1,1.3,19.3,38.7,6.68,101,2.76,6.60,16.5,60,0.5,21.40,1.27,0.7
PPL,CYC040,PPL_CYL_040_021_,2.1,Cyclops Cave 1,Limestone Fabric ,Limestone Fabric ,"Cyclops Cave, Youra, Sporades Islands, Greece",39.37219395,24.15593147,Cyclops Cave Neolithic 40,Fineware,Middle Neolithic,3.85,0.18,20.94,8.92,0.38,2.0,3.07,120.1,1.3,19.3,38.7,6.68,101,2.76,6.60,16.5,60,0.5,21.40,1.27,0.7
XP,CYC040,XPL_CYL_040_021_,2.1,Cyclops Cave 1,Limestone Fabric ,Limestone Fabric ,"Cyclops Cave, Youra, Sporades Islands, Greece",39.37219395,24.15593147,Cyclops Cave Neolithic 40,Fineware,Middle Neolithic,3.85,0.18,20.94,8.92,0.38,2.0,3.07,120.1,1.3,19.3,38.7,6.68,101,2.76,6.60,16.5,60,0.5,21.40,1.27,0.7
PPL,CYC041,PPL_CYL_041_097_,9.7,Cyclops Cave 1,Limestone Fabric ,Limestone Fabric ,"Cyclops Cave, Youra, Sporades Islands, Greece",39.37219395,24.15593147,Cyclops Cave Neolithic 41,Coarseware,Middle Neolithic,4.97,0.16,16.10,12.29,0.82,2.6,6.86,199.9,2.4,33.6,109.8,7.74,115,2.66,10.70,19.8,80,0.4,86.57,3.18,1.8
XP,CYC041,XPL_CYL_041_097_,9.7,Cyclops Cave 1,Limestone Fabric ,Limestone Fabric ,"Cyclops Cave, Youra, Sporades Islands, Greece",39.37219395,24.15593147,Cyclops Cave Neolithic 41,Coarseware,Middle Neolithic,4.97,0.16,16.10,12.29,0.82,2.6,6.86,199.9,2.4,33.6,109.8,7.74,115,2.66,10.70,19.8,80,0.4,86.57,3.18,1.8
PPL,CYC041,PPL_CYL_041_021_,2.1,Cyclops Cave 1,Limestone Fabric ,Limestone Fabric ,"Cyclops Cave, Youra, Sporades Islands, Greece",39.37219395,24.15593147,Cyclops Cave Neolithic 41,Coarseware,Middle Neolithic,4.97,0.16,16.10,12.29,0.82,2.6,6.86,199.9,2.4,33.6,109.8,7.74,115,2.66,10.70,19.8,80,0.4,86.57,3.18,1.8
XP,CYC041,XPL_CYL_041_021_,2.1,Cyclops Cave 1,Limestone Fabric ,Limestone Fabric ,"Cyclops Cave, Youra, Sporades Islands, Greece",39.37219395,24.15593147,Cyclops Cave Neolithic 41,Coarseware,Middle Neolithic,4.97,0.16,16.10,12.29,0.82,2.6,6.86,199.9,2.4,33.6,109.8,7.74,115,2.66,10.70,19.8,80,0.4,86.57,3.18,1.8
PPL,CYC042,PPL_CYL_042_097_,9.7,Cyclops Cave 1,Limestone Fabric ,Limestone Fabric ,"Cyclops Cave, Youra, Sporades Islands, Greece",39.37219395,24.15593147,Cyclops Cave Neolithic 42,Coarseware,Middle Neolithic,3.53,0.27,18.27,3.81,0.31,2.3,2.38,22.9,0.7,17.5,31.8,8.71,99.2,3.98,6.38,13.4,70,0.8,5.55,0.79,0.6
XP,CYC042,XPL_CYL_042_097_,9.7,Cyclops Cave 1,Limestone Fabric ,Limestone Fabric ,"Cyclops Cave, Youra, Sporades Islands, Greece",39.37219395,24.15593147,Cyclops Cave Neolithic 42,Coarseware,Middle Neolithic,3.53,0.27,18.27,3.81,0.31,2.3,2.38,22.9,0.7,17.5,31.8,8.71,99.2,3.98,6.38,13.4,70,0.8,5.55,0.79,0.6
PPL,CYC042,PPL_CYL_042_021_,2.1,Cyclops Cave 1,Limestone Fabric ,Limestone Fabric ,"Cyclops Cave, Youra, Sporades Islands, Greece",39.37219395,24.15593147,Cyclops Cave Neolithic 42,Coarseware,Middle Neolithic,3.53,0.27,18.27,3.81,0.31,2.3,2.38,22.9,0.7,17.5,31.8,8.71,99.2,3.98,6.38,13.4,70,0.8,5.55,0.79,0.6
XP,CYC042,XPL_CYL_042_021_,2.1,Cyclops Cave 1,Limestone Fabric ,Limestone Fabric ,"Cyclops Cave, Youra, Sporades Islands, Greece",39.37219395,24.15593147,Cyclops Cave Neolithic 42,Coarseware,Middle Neolithic,3.53,0.27,18.27,3.81,0.31,2.3,2.38,22.9,0.7,17.5,31.8,8.71,99.2,3.98,6.38,13.4,70,0.8,5.55,0.79,0.6
PPL,CYC043,PPL_CYL_043_097_,9.7,Cyclops Cave 1,Limestone Fabric ,Limestone Fabric ,"Cyclops Cave, Youra, Sporades Islands, Greece",39.37219395,24.15593147,Cyclops Cave Neolithic 43,Coarseware,Middle Neolithic,4.45,0.22,17.79,2.65,0.24,1.9,1.76,120.0,1.6,12.0,26.9,7.94,102,2.26,9.49,20.7,70,0.5,6.28,0.62,0.4
XP,CYC043,XPL_CYL_043_097_,9.7,Cyclops Cave 1,Limestone Fabric ,Limestone Fabric ,"Cyclops Cave, Youra, Sporades Islands, Greece",39.37219395,24.15593147,Cyclops Cave Neolithic 43,Coarseware,Middle Neolithic,4.45,0.22,17.79,2.65,0.24,1.9,1.76,120.0,1.6,12.0,26.9,7.94,102,2.26,9.49,20.7,70,0.5,6.28,0.62,0.4
PPL,CYC043,PPL_CYL_043_021_,2.1,Cyclops Cave 1,Limestone Fabric ,Limestone Fabric ,"Cyclops Cave, Youra, Sporades Islands, Greece",39.37219395,24.15593147,Cyclops Cave Neolithic 43,Coarseware,Middle Neolithic,4.45,0.22,17.79,2.65,0.24,1.9,1.76,120.0,1.6,12.0,26.9,7.94,102,2.26,9.49,20.7,70,0.5,6.28,0.62,0.4
XP,CYC043,XPL_CYL_043_021_,2.1,Cyclops Cave 1,Limestone Fabric ,Limestone Fabric ,"Cyclops Cave, Youra, Sporades Islands, Greece",39.37219395,24.15593147,Cyclops Cave Neolithic 43,Coarseware,Middle Neolithic,4.45,0.22,17.79,2.65,0.24,1.9,1.76,120.0,1.6,12.0,26.9,7.94,102,2.26,9.49,20.7,70,0.5,6.28,0.62,0.4
PPL,CYC044,PPL_CYL_044_097_,9.7,Cyclops Cave 1,Limestone Fabric ,Limestone Fabric ,"Cyclops Cave, Youra, Sporades Islands, Greece",39.37219395,24.15593147,Cyclops Cave Neolithic 44,Coarseware,Middle Neolithic,4.83,0.39,13.95,6.36,0.50,2.2,3.87,48.2,1.4,21.8,45.3,6.29,109,2.90,7.43,21.3,70,0.4,14.28,1.64,1.1
XP,CYC044,XPL_CYL_044_097_,9.7,Cyclops Cave 1,Limestone Fabric ,Limestone Fabric ,"Cyclops Cave, Youra, Sporades Islands, Greece",39.37219395,24.15593147,Cyclops Cave Neolithic 44,Coarseware,Middle Neolithic,4.83,0.39,13.95,6.36,0.50,2.2,3.87,48.2,1.4,21.8,45.3,6.29,109,2.90,7.43,21.3,70,0.4,14.28,1.64,1.1
PPL,CYC044,PPL_CYL_044_021_,2.1,Cyclops Cave 1,Limestone Fabric ,Limestone Fabric ,"Cyclops Cave, Youra, Sporades Islands, Greece",39.37219395,24.15593147,Cyclops Cave Neolithic 44,Coarseware,Middle Neolithic,4.83,0.39,13.95,6.36,0.50,2.2,3.87,48.2,1.4,21.8,45.3,6.29,109,2.90,7.43,21.3,70,0.4,14.28,1.64,1.1
XP,CYC044,XPL_CYL_044_021_,2.1,Cyclops Cave 1,Limestone Fabric ,Limestone Fabric ,"Cyclops Cave, Youra, Sporades Islands, Greece",39.37219395,24.15593147,Cyclops Cave Neolithic 44,Coarseware,Middle Neolithic,4.83,0.39,13.95,6.36,0.50,2.2,3.87,48.2,1.4,21.8,45.3,6.29,109,2.90,7.43,21.3,70,0.4,14.28,1.64,1.1
PPL,CYC045,PPL_CYL_045_097_,9.7,Cyclops Cave 1,Limestone Fabric ,Limestone Fabric ,"Cyclops Cave, Youra, Sporades Islands, Greece",39.37219395,24.15593147,Cyclops Cave Neolithic 45,Coarseware,Middle Neolithic,4.13,0.16,18.54,4.19,0.32,2.1,2.45,92.0,1.7,18.7,31.6,5.66,110,2.64,10.60,16.2,80,0.4,15.36,0.98,0.7
XP,CYC045,XPL_CYL_045_097_,9.7,Cyclops Cave 1,Limestone Fabric ,Limestone Fabric ,"Cyclops Cave, Youra, Sporades Islands, Greece",39.37219395,24.15593147,Cyclops Cave Neolithic 45,Coarseware,Middle Neolithic,4.13,0.16,18.54,4.19,0.32,2.1,2.45,92.0,1.7,18.7,31.6,5.66,110,2.64,10.60,16.2,80,0.4,15.36,0.98,0.7
PPL,CYC045,PPL_CYL_045_021_,2.1,Cyclops Cave 1,Limestone Fabric ,Limestone Fabric ,"Cyclops Cave, Youra, Sporades Islands, Greece",39.37219395,24.15593147,Cyclops Cave Neolithic 45,Coarseware,Middle Neolithic,4.13,0.16,18.54,4.19,0.32,2.1,2.45,92.0,1.7,18.7,31.6,5.66,110,2.64,10.60,16.2,80,0.4,15.36,0.98,0.7
XP,CYC045,XPL_CYL_045_021_,2.1,Cyclops Cave 1,Limestone Fabric ,Limestone Fabric ,"Cyclops Cave, Youra, Sporades Islands, Greece",39.37219395,24.15593147,Cyclops Cave Neolithic 45,Coarseware,Middle Neolithic,4.13,0.16,18.54,4.19,0.32,2.1,2.45,92.0,1.7,18.7,31.6,5.66,110,2.64,10.60,16.2,80,0.4,15.36,0.98,0.7
PPL,CYC046,PPL_CYL_046_097_,9.7,Cyclops Cave 1,Limestone Fabric ,Limestone Fabric ,"Cyclops Cave, Youra, Sporades Islands, Greece",39.37219395,24.15593147,Cyclops Cave Neolithic 46,Coarseware,Middle Neolithic,4.09,0.16,15.95,4.61,0.30,2.2,2.39,42.4,1.6,19.2,40.7,6.57,136,2.86,9.79,17.3,90,0.5,19.14,1.08,0.6
XP,CYC046,XPL_CYL_046_097_,9.7,Cyclops Cave 1,Limestone Fabric ,Limestone Fabric ,"Cyclops Cave, Youra, Sporades Islands, Greece",39.37219395,24.15593147,Cyclops Cave Neolithic 46,Coarseware,Middle Neolithic,4.09,0.16,15.95,4.61,0.30,2.2,2.39,42.4,1.6,19.2,40.7,6.57,136,2.86,9.79,17.3,90,0.5,19.14,1.08,0.6
PPL,CYC046,PPL_CYL_046_021_,2.1,Cyclops Cave 1,Limestone Fabric ,Limestone Fabric ,"Cyclops Cave, Youra, Sporades Islands, Greece",39.37219395,24.15593147,Cyclops Cave Neolithic 46,Coarseware,Middle Neolithic,4.09,0.16,15.95,4.61,0.30,2.2,2.39,42.4,1.6,19.2,40.7,6.57,136,2.86,9.79,17.3,90,0.5,19.14,1.08,0.6
XP,CYC046,XPL_CYL_046_021_,2.1,Cyclops Cave 1,Limestone Fabric ,Limestone Fabric ,"Cyclops Cave, Youra, Sporades Islands, Greece",39.37219395,24.15593147,Cyclops Cave Neolithic 46,Coarseware,Middle Neolithic,4.09,0.16,15.95,4.61,0.30,2.2,2.39,42.4,1.6,19.2,40.7,6.57,136,2.86,9.79,17.3,90,0.5,19.14,1.08,0.6
PPL,CYC047,PPL_CYL_047_097_,9.7,Cyclops Cave 1,Limestone Fabric ,Limestone Fabric ,"Cyclops Cave, Youra, Sporades Islands, Greece",39.37219395,24.15593147,Cyclops Cave Neolithic 47,Coarseware,Middle Neolithic,5.88,0.27,12.16,7.35,0.49,2.1,3.75,89.6,2.3,30.8,48.9,9.88,142,3.57,8.93,23.7,90,0.8,19.66,1.78,1.3
XP,CYC047,XPL_CYL_047_097_,9.7,Cyclops Cave 1,Limestone Fabric ,Limestone Fabric ,"Cyclops Cave, Youra, Sporades Islands, Greece",39.37219395,24.15593147,Cyclops Cave Neolithic 47,Coarseware,Middle Neolithic,5.88,0.27,12.16,7.35,0.49,2.1,3.75,89.6,2.3,30.8,48.9,9.88,142,3.57,8.93,23.7,90,0.8,19.66,1.78,1.3
PPL,CYC047,PPL_CYL_047_021_,2.1,Cyclops Cave 1,Limestone Fabric ,Limestone Fabric ,"Cyclops Cave, Youra, Sporades Islands, Greece",39.37219395,24.15593147,Cyclops Cave Neolithic 47,Coarseware,Middle Neolithic,5.88,0.27,12.16,7.35,0.49,2.1,3.75,89.6,2.3,30.8,48.9,9.88,142,3.57,8.93,23.7,90,0.8,19.66,1.78,1.3
XP,CYC047,XPL_CYL_047_021_,2.1,Cyclops Cave 1,Limestone Fabric ,Limestone Fabric ,"Cyclops Cave, Youra, Sporades Islands, Greece",39.37219395,24.15593147,Cyclops Cave Neolithic 47,Coarseware,Middle Neolithic,5.88,0.27,12.16,7.35,0.49,2.1,3.75,89.6,2.3,30.8,48.9,9.88,142,3.57,8.93,23.7,90,0.8,19.66,1.78,1.3
PPL,CYC048,PPL_CYL_048_097_,9.7,Cyclops Cave 1,Limestone Fabric ,Limestone Fabric ,"Cyclops Cave, Youra, Sporades Islands, Greece",39.37219395,24.15593147,Cyclops Cave Neolithic 48,Red-on-White,Middle Neolithic,4.46,0.20,17.09,5.53,0.38,2.8,2.72,120.2,1.6,21.9,37.5,7.21,133,2.72,10.40,16.7,80,0.5,16.63,1.27,0.8
XP,CYC048,XPL_CYL_048_097_,9.7,Cyclops Cave 1,Limestone Fabric ,Limestone Fabric ,"Cyclops Cave, Youra, Sporades Islands, Greece",39.37219395,24.15593147,Cyclops Cave Neolithic 48,Red-on-White,Middle Neolithic,4.46,0.20,17.09,5.53,0.38,2.8,2.72,120.2,1.6,21.9,37.5,7.21,133,2.72,10.40,16.7,80,0.5,16.63,1.27,0.8
PPL,CYC048,PPL_CYL_048_021_,2.1,Cyclops Cave 1,Limestone Fabric ,Limestone Fabric ,"Cyclops Cave, Youra, Sporades Islands, Greece",39.37219395,24.15593147,Cyclops Cave Neolithic 48,Red-on-White,Middle Neolithic,4.46,0.20,17.09,5.53,0.38,2.8,2.72,120.2,1.6,21.9,37.5,7.21,133,2.72,10.40,16.7,80,0.5,16.63,1.27,0.8
XP,CYC048,XPL_CYL_048_021_,2.1,Cyclops Cave 1,Limestone Fabric ,Limestone Fabric ,"Cyclops Cave, Youra, Sporades Islands, Greece",39.37219395,24.15593147,Cyclops Cave Neolithic 48,Red-on-White,Middle Neolithic,4.46,0.20,17.09,5.53,0.38,2.8,2.72,120.2,1.6,21.9,37.5,7.21,133,2.72,10.40,16.7,80,0.5,16.63,1.27,0.8
PPL,CYC049,PPL_CYL_049_097_,9.7,Cyclops Cave 1,Limestone Fabric ,Limestone Fabric ,"Cyclops Cave, Youra, Sporades Islands, Greece",39.37219395,24.15593147,Cyclops Cave Neolithic 49,Red-on-White,Middle Neolithic,3.96,0.14,18.32,3.56,0.33,1.8,2.44,58.9,1.8,12.7,26.7,6.17,110,2.52,5.85,15.3,60,0.5,10.47,0.91,0.7
XP,CYC049,XPL_CYL_049_097_,9.7,Cyclops Cave 1,Limestone Fabric ,Limestone Fabric ,"Cyclops Cave, Youra, Sporades Islands, Greece",39.37219395,24.15593147,Cyclops Cave Neolithic 49,Red-on-White,Middle Neolithic,3.96,0.14,18.32,3.56,0.33,1.8,2.44,58.9,1.8,12.7,26.7,6.17,110,2.52,5.85,15.3,60,0.5,10.47,0.91,0.7
PPL,CYC049,PPL_CYL_049_021_,2.1,Cyclops Cave 1,Limestone Fabric ,Limestone Fabric ,"Cyclops Cave, Youra, Sporades Islands, Greece",39.37219395,24.15593147,Cyclops Cave Neolithic 49,Red-on-White,Middle Neolithic,3.96,0.14,18.32,3.56,0.33,1.8,2.44,58.9,1.8,12.7,26.7,6.17,110,2.52,5.85,15.3,60,0.5,10.47,0.91,0.7
XP,CYC049,XPL_CYL_049_021_,2.1,Cyclops Cave 1,Limestone Fabric ,Limestone Fabric ,"Cyclops Cave, Youra, Sporades Islands, Greece",39.37219395,24.15593147,Cyclops Cave Neolithic 49,Red-on-White,Middle Neolithic,3.96,0.14,18.32,3.56,0.33,1.8,2.44,58.9,1.8,12.7,26.7,6.17,110,2.52,5.85,15.3,60,0.5,10.47,0.91,0.7
PPL,CYC050,PPL_CYL_050_097_,9.7,Cyclops Cave 1,Limestone Fabric ,Limestone Fabric ,"Cyclops Cave, Youra, Sporades Islands, Greece",39.37219395,24.15593147,Cyclops Cave Neolithic 50,Red-on-White,Middle Neolithic,4.37,0.33,15.93,2.82,0.25,2.1,1.90,88.0,1.6,12.2,20.4,7.12,103,2.77,8.91,18.1,70,0.6,7.25,0.65,0.5
XP,CYC050,XPL_CYL_050_097_,9.7,Cyclops Cave 1,Limestone Fabric ,Limestone Fabric ,"Cyclops Cave, Youra, Sporades Islands, Greece",39.37219395,24.15593147,Cyclops Cave Neolithic 50,Red-on-White,Middle Neolithic,4.37,0.33,15.93,2.82,0.25,2.1,1.90,88.0,1.6,12.2,20.4,7.12,103,2.77,8.91,18.1,70,0.6,7.25,0.65,0.5
PPL,CYC050,PPL_CYL_050_021_,2.1,Cyclops Cave 1,Limestone Fabric ,Limestone Fabric ,"Cyclops Cave, Youra, Sporades Islands, Greece",39.37219395,24.15593147,Cyclops Cave Neolithic 50,Red-on-White,Middle Neolithic,4.37,0.33,15.93,2.82,0.25,2.1,1.90,88.0,1.6,12.2,20.4,7.12,103,2.77,8.91,18.1,70,0.6,7.25,0.65,0.5
XP,CYC050,XPL_CYL_050_021_,2.1,Cyclops Cave 1,Limestone Fabric ,Limestone Fabric ,"Cyclops Cave, Youra, Sporades Islands, Greece",39.37219395,24.15593147,Cyclops Cave Neolithic 50,Red-on-White,Middle Neolithic,4.37,0.33,15.93,2.82,0.25,2.1,1.90,88.0,1.6,12.2,20.4,7.12,103,2.77,8.91,18.1,70,0.6,7.25,0.65,0.5
PPL,CYC051,PPL_CYL_051_097_,9.7,Cyclops Cave 1,Limestone Fabric ,Limestone Fabric ,"Cyclops Cave, Youra, Sporades Islands, Greece",39.37219395,24.15593147,Cyclops Cave Neolithic 51,Light-on-Red,Middle Neolithic,4.07,0.38,14.68,6.80,0.47,1.6,3.93,62.3,1.5,20.5,56.1,6.67,97.5,2.90,6.64,17.5,60,0.5,15.32,1.78,0.9
XP,CYC051,XPL_CYL_051_097_,9.7,Cyclops Cave 1,Limestone Fabric ,Limestone Fabric ,"Cyclops Cave, Youra, Sporades Islands, Greece",39.37219395,24.15593147,Cyclops Cave Neolithic 51,Light-on-Red,Middle Neolithic,4.07,0.38,14.68,6.80,0.47,1.6,3.93,62.3,1.5,20.5,56.1,6.67,97.5,2.90,6.64,17.5,60,0.5,15.32,1.78,0.9
PPL,CYC051,PPL_CYL_051_021_,2.1,Cyclops Cave 1,Limestone Fabric ,Limestone Fabric ,"Cyclops Cave, Youra, Sporades Islands, Greece",39.37219395,24.15593147,Cyclops Cave Neolithic 51,Light-on-Red,Middle Neolithic,4.07,0.38,14.68,6.80,0.47,1.6,3.93,62.3,1.5,20.5,56.1,6.67,97.5,2.90,6.64,17.5,60,0.5,15.32,1.78,0.9
XP,CYC051,XPL_CYL_051_021_,2.1,Cyclops Cave 1,Limestone Fabric ,Limestone Fabric ,"Cyclops Cave, Youra, Sporades Islands, Greece",39.37219395,24.15593147,Cyclops Cave Neolithic 51,Light-on-Red,Middle Neolithic,4.07,0.38,14.68,6.80,0.47,1.6,3.93,62.3,1.5,20.5,56.1,6.67,97.5,2.90,6.64,17.5,60,0.5,15.32,1.78,0.9
PPL,CYC052,PPL_CYL_052_097_,9.7,Cyclops Cave 1,Limestone Fabric ,Limestone Fabric ,"Cyclops Cave, Youra, Sporades Islands, Greece",39.37219395,24.15593147,Cyclops Cave Neolithic 52,Light-on-Red,Middle Neolithic,4.72,0.18,12.18,6.48,0.48,3.0,3.33,63.9,1.5,29.3,40.0,7.29,139,3.31,10.60,20.6,90,0.6,15.69,1.55,0.8
XP,CYC052,XPL_CYL_052_097_,9.7,Cyclops Cave 1,Limestone Fabric ,Limestone Fabric ,"Cyclops Cave, Youra, Sporades Islands, Greece",39.37219395,24.15593147,Cyclops Cave Neolithic 52,Light-on-Red,Middle Neolithic,4.72,0.18,12.18,6.48,0.48,3.0,3.33,63.9,1.5,29.3,40.0,7.29,139,3.31,10.60,20.6,90,0.6,15.69,1.55,0.8
PPL,CYC052,PPL_CYL_052_021_,2.1,Cyclops Cave 1,Limestone Fabric ,Limestone Fabric ,"Cyclops Cave, Youra, Sporades Islands, Greece",39.37219395,24.15593147,Cyclops Cave Neolithic 52,Light-on-Red,Middle Neolithic,4.72,0.18,12.18,6.48,0.48,3.0,3.33,63.9,1.5,29.3,40.0,7.29,139,3.31,10.60,20.6,90,0.6,15.69,1.55,0.8
XP,CYC052,XPL_CYL_052_021_,2.1,Cyclops Cave 1,Limestone Fabric ,Limestone Fabric ,"Cyclops Cave, Youra, Sporades Islands, Greece",39.37219395,24.15593147,Cyclops Cave Neolithic 52,Light-on-Red,Middle Neolithic,4.72,0.18,12.18,6.48,0.48,3.0,3.33,63.9,1.5,29.3,40.0,7.29,139,3.31,10.60,20.6,90,0.6,15.69,1.55,0.8
PPL,CYC053,PPL_CYL_053_097_,9.7,Cyclops Cave 10,Polycrystalline Quartz Fabric 1,Polycrystalline Quartz Fabric 1,"Cyclops Cave, Youra, Sporades Islands, Greece",39.37219395,24.15593147,Cyclops Cave Neolithic 53,White-on-Dark,Late Neolithic I,3.39,1.06,0.50,5.65,0.19,1.5,1.47,10.4,0.9,39.4,85.9,17.00,67,3.55,4.94,12.6,100,0.9,8.55,1.06,0.6
XP,CYC053,XPL_CYL_053_097_,9.7,Cyclops Cave 10,Polycrystalline Quartz Fabric 1,Polycrystalline Quartz Fabric 1,"Cyclops Cave, Youra, Sporades Islands, Greece",39.37219395,24.15593147,Cyclops Cave Neolithic 53,White-on-Dark,Late Neolithic I,3.39,1.06,0.50,5.65,0.19,1.5,1.47,10.4,0.9,39.4,85.9,17.00,67,3.55,4.94,12.6,100,0.9,8.55,1.06,0.6
PPL,CYC053,PPL_CYL_053_021_,2.1,Cyclops Cave 10,Polycrystalline Quartz Fabric 1,Polycrystalline Quartz Fabric 1,"Cyclops Cave, Youra, Sporades Islands, Greece",39.37219395,24.15593147,Cyclops Cave Neolithic 53,White-on-Dark,Late Neolithic I,3.39,1.06,0.50,5.65,0.19,1.5,1.47,10.4,0.9,39.4,85.9,17.00,67,3.55,4.94,12.6,100,0.9,8.55,1.06,0.6
XP,CYC053,XPL_CYL_053_021_,2.1,Cyclops Cave 10,Polycrystalline Quartz Fabric 1,Polycrystalline Quartz Fabric 1,"Cyclops Cave, Youra, Sporades Islands, Greece",39.37219395,24.15593147,Cyclops Cave Neolithic 53,White-on-Dark,Late Neolithic I,3.39,1.06,0.50,5.65,0.19,1.5,1.47,10.4,0.9,39.4,85.9,17.00,67,3.55,4.94,12.6,100,0.9,8.55,1.06,0.6
PPL,CYC054,PPL_CYL_054_097_,9.7,Cyclops Cave 4,Grog and Phyllite Fabric ,Grog and Phyllite Fabric ,"Cyclops Cave, Youra, Sporades Islands, Greece",39.37219395,24.15593147,Cyclops Cave Neolithic 54,Pattern Burnished,Middle Neolithic,5.94,0.40,1.97,8.56,0.50,2.7,4.17,37.9,1.3,42.4,100.9,17.10,209,6.45,11.80,20.5,130,1.4,25.55,1.78,1.3
XP,CYC054,XPL_CYL_054_097_,9.7,Cyclops Cave 4,Grog and Phyllite Fabric ,Grog and Phyllite Fabric ,"Cyclops Cave, Youra, Sporades Islands, Greece",39.37219395,24.15593147,Cyclops Cave Neolithic 54,Pattern Burnished,Middle Neolithic,5.94,0.40,1.97,8.56,0.50,2.7,4.17,37.9,1.3,42.4,100.9,17.10,209,6.45,11.80,20.5,130,1.4,25.55,1.78,1.3
PPL,CYC054,PPL_CYL_054_021_,2.1,Cyclops Cave 4,Grog and Phyllite Fabric ,Grog and Phyllite Fabric ,"Cyclops Cave, Youra, Sporades Islands, Greece",39.37219395,24.15593147,Cyclops Cave Neolithic 54,Pattern Burnished,Middle Neolithic,5.94,0.40,1.97,8.56,0.50,2.7,4.17,37.9,1.3,42.4,100.9,17.10,209,6.45,11.80,20.5,130,1.4,25.55,1.78,1.3
XP,CYC054,XPL_CYL_054_021_,2.1,Cyclops Cave 4,Grog and Phyllite Fabric ,Grog and Phyllite Fabric ,"Cyclops Cave, Youra, Sporades Islands, Greece",39.37219395,24.15593147,Cyclops Cave Neolithic 54,Pattern Burnished,Middle Neolithic,5.94,0.40,1.97,8.56,0.50,2.7,4.17,37.9,1.3,42.4,100.9,17.10,209,6.45,11.80,20.5,130,1.4,25.55,1.78,1.3
PPL,CYC055,PPL_CYL_055_097_,9.7,Cyclops Cave 4,Grog and Phyllite Fabric ,Grog and Phyllite Fabric ,"Cyclops Cave, Youra, Sporades Islands, Greece",39.37219395,24.15593147,Cyclops Cave Neolithic 55,Pattern Burnished,Middle Neolithic,6.00,0.42,1.77,8.73,0.52,2.5,4.24,31.1,1.3,44.6,93.0,16.30,208,6.14,11.20,20.8,120,1.4,22.82,1.74,1.2
XP,CYC055,XPL_CYL_055_097_,9.7,Cyclops Cave 4,Grog and Phyllite Fabric ,Grog and Phyllite Fabric ,"Cyclops Cave, Youra, Sporades Islands, Greece",39.37219395,24.15593147,Cyclops Cave Neolithic 55,Pattern Burnished,Middle Neolithic,6.00,0.42,1.77,8.73,0.52,2.5,4.24,31.1,1.3,44.6,93.0,16.30,208,6.14,11.20,20.8,120,1.4,22.82,1.74,1.2
PPL,CYC055,PPL_CYL_055_021_,2.1,Cyclops Cave 4,Grog and Phyllite Fabric ,Grog and Phyllite Fabric ,"Cyclops Cave, Youra, Sporades Islands, Greece",39.37219395,24.15593147,Cyclops Cave Neolithic 55,Pattern Burnished,Middle Neolithic,6.00,0.42,1.77,8.73,0.52,2.5,4.24,31.1,1.3,44.6,93.0,16.30,208,6.14,11.20,20.8,120,1.4,22.82,1.74,1.2
XP,CYC055,XPL_CYL_055_021_,2.1,Cyclops Cave 4,Grog and Phyllite Fabric ,Grog and Phyllite Fabric ,"Cyclops Cave, Youra, Sporades Islands, Greece",39.37219395,24.15593147,Cyclops Cave Neolithic 55,Pattern Burnished,Middle Neolithic,6.00,0.42,1.77,8.73,0.52,2.5,4.24,31.1,1.3,44.6,93.0,16.30,208,6.14,11.20,20.8,120,1.4,22.82,1.74,1.2
PPL,CYC056,PPL_CYL_056_097_,9.7,Cyclops Cave 3,Fine Mica and Quartz Fabric ,Fine Mica and Quartz Fabric ,"Cyclops Cave, Youra, Sporades Islands, Greece",39.37219395,24.15593147,Cyclops Cave Neolithic 56,Matt Painted,Late Neolithic I,5.29,1.54,7.34,9.32,0.46,2.7,3.87,32.0,3.3,54.7,118.7,19.80,133,5.31,5.34,18.6,110,1.5,20.84,1.86,1.1
XP,CYC056,XPL_CYL_056_097_,9.7,Cyclops Cave 3,Fine Mica and Quartz Fabric ,Fine Mica and Quartz Fabric ,"Cyclops Cave, Youra, Sporades Islands, Greece",39.37219395,24.15593147,Cyclops Cave Neolithic 56,Matt Painted,Late Neolithic I,5.29,1.54,7.34,9.32,0.46,2.7,3.87,32.0,3.3,54.7,118.7,19.80,133,5.31,5.34,18.6,110,1.5,20.84,1.86,1.1
PPL,CYC056,PPL_CYL_056_021_,2.1,Cyclops Cave 3,Fine Mica and Quartz Fabric ,Fine Mica and Quartz Fabric ,"Cyclops Cave, Youra, Sporades Islands, Greece",39.37219395,24.15593147,Cyclops Cave Neolithic 56,Matt Painted,Late Neolithic I,5.29,1.54,7.34,9.32,0.46,2.7,3.87,32.0,3.3,54.7,118.7,19.80,133,5.31,5.34,18.6,110,1.5,20.84,1.86,1.1
XP,CYC056,XPL_CYL_056_021_,2.1,Cyclops Cave 3,Fine Mica and Quartz Fabric ,Fine Mica and Quartz Fabric ,"Cyclops Cave, Youra, Sporades Islands, Greece",39.37219395,24.15593147,Cyclops Cave Neolithic 56,Matt Painted,Late Neolithic I,5.29,1.54,7.34,9.32,0.46,2.7,3.87,32.0,3.3,54.7,118.7,19.80,133,5.31,5.34,18.6,110,1.5,20.84,1.86,1.1
PPL,CYC057,PPL_CYL_057_097_,9.7,Cyclops Cave 7,Serpentinite Fabric ,Serpentinite Fabric ,"Cyclops Cave, Youra, Sporades Islands, Greece",39.37219395,24.15593147,Cyclops Cave Neolithic 57,Matt Painted,Late Neolithic I,9.92,0.44,1.77,5.59,0.46,1.8,3.52,10.4,0.7,22.5,67.4,6.53,555,4.50,3.71,40.1,60,1.0,49.21,1.41,1.2
XP,CYC057,XPL_CYL_057_097_,9.7,Cyclops Cave 7,Serpentinite Fabric ,Serpentinite Fabric ,"Cyclops Cave, Youra, Sporades Islands, Greece",39.37219395,24.15593147,Cyclops Cave Neolithic 57,Matt Painted,Late Neolithic I,9.92,0.44,1.77,5.59,0.46,1.8,3.52,10.4,0.7,22.5,67.4,6.53,555,4.50,3.71,40.1,60,1.0,49.21,1.41,1.2
PPL,CYC057,PPL_CYL_057_021_,2.1,Cyclops Cave 7,Serpentinite Fabric ,Serpentinite Fabric ,"Cyclops Cave, Youra, Sporades Islands, Greece",39.37219395,24.15593147,Cyclops Cave Neolithic 57,Matt Painted,Late Neolithic I,9.92,0.44,1.77,5.59,0.46,1.8,3.52,10.4,0.7,22.5,67.4,6.53,555,4.50,3.71,40.1,60,1.0,49.21,1.41,1.2
XP,CYC057,XPL_CYL_057_021_,2.1,Cyclops Cave 7,Serpentinite Fabric ,Serpentinite Fabric ,"Cyclops Cave, Youra, Sporades Islands, Greece",39.37219395,24.15593147,Cyclops Cave Neolithic 57,Matt Painted,Late Neolithic I,9.92,0.44,1.77,5.59,0.46,1.8,3.52,10.4,0.7,22.5,67.4,6.53,555,4.50,3.71,40.1,60,1.0,49.21,1.41,1.2
PPL,CYC059,PPL_CYL_059_097_,9.7,Cyclops Cave 3,Fine Mica and Quartz Fabric ,Fine Mica and Quartz Fabric ,"Cyclops Cave, Youra, Sporades Islands, Greece",39.37219395,24.15593147,Cyclops Cave Neolithic 59,Matt Painted,Late Neolithic I,4.54,1.12,4.03,7.44,0.40,2.5,3.15,32.3,2.7,44.0,91.1,16.80,137,5.43,7.18,16.7,140,1.3,18.98,1.45,0.8
XP,CYC059,XPL_CYL_059_097_,9.7,Cyclops Cave 3,Fine Mica and Quartz Fabric ,Fine Mica and Quartz Fabric ,"Cyclops Cave, Youra, Sporades Islands, Greece",39.37219395,24.15593147,Cyclops Cave Neolithic 59,Matt Painted,Late Neolithic I,4.54,1.12,4.03,7.44,0.40,2.5,3.15,32.3,2.7,44.0,91.1,16.80,137,5.43,7.18,16.7,140,1.3,18.98,1.45,0.8
PPL,CYC059,PPL_CYL_059_021_,2.1,Cyclops Cave 3,Fine Mica and Quartz Fabric ,Fine Mica and Quartz Fabric ,"Cyclops Cave, Youra, Sporades Islands, Greece",39.37219395,24.15593147,Cyclops Cave Neolithic 59,Matt Painted,Late Neolithic I,4.54,1.12,4.03,7.44,0.40,2.5,3.15,32.3,2.7,44.0,91.1,16.80,137,5.43,7.18,16.7,140,1.3,18.98,1.45,0.8
XP,CYC059,XPL_CYL_059_021_,2.1,Cyclops Cave 3,Fine Mica and Quartz Fabric ,Fine Mica and Quartz Fabric ,"Cyclops Cave, Youra, Sporades Islands, Greece",39.37219395,24.15593147,Cyclops Cave Neolithic 59,Matt Painted,Late Neolithic I,4.54,1.12,4.03,7.44,0.40,2.5,3.15,32.3,2.7,44.0,91.1,16.80,137,5.43,7.18,16.7,140,1.3,18.98,1.45,0.8
PPL,CYC060,PPL_CYL_060_097_,9.7,Cyclops Cave 7,Serpentinite Fabric ,Serpentinite Fabric ,"Cyclops Cave, Youra, Sporades Islands, Greece",39.37219395,24.15593147,Cyclops Cave Neolithic 60,Matt Painted,Late Neolithic I,9.45,0.49,0.82,5.51,0.46,2.2,3.56,12.1,0.6,22.9,43.6,6.34,538,4.27,4.33,38.5,60,1.1,45.74,1.54,0.7
XP,CYC060,XPL_CYL_060_097_,9.7,Cyclops Cave 7,Serpentinite Fabric ,Serpentinite Fabric ,"Cyclops Cave, Youra, Sporades Islands, Greece",39.37219395,24.15593147,Cyclops Cave Neolithic 60,Matt Painted,Late Neolithic I,9.45,0.49,0.82,5.51,0.46,2.2,3.56,12.1,0.6,22.9,43.6,6.34,538,4.27,4.33,38.5,60,1.1,45.74,1.54,0.7
PPL,CYC060,PPL_CYL_060_021_,2.1,Cyclops Cave 7,Serpentinite Fabric ,Serpentinite Fabric ,"Cyclops Cave, Youra, Sporades Islands, Greece",39.37219395,24.15593147,Cyclops Cave Neolithic 60,Matt Painted,Late Neolithic I,9.45,0.49,0.82,5.51,0.46,2.2,3.56,12.1,0.6,22.9,43.6,6.34,538,4.27,4.33,38.5,60,1.1,45.74,1.54,0.7
XP,CYC060,XPL_CYL_060_021_,2.1,Cyclops Cave 7,Serpentinite Fabric ,Serpentinite Fabric ,"Cyclops Cave, Youra, Sporades Islands, Greece",39.37219395,24.15593147,Cyclops Cave Neolithic 60,Matt Painted,Late Neolithic I,9.45,0.49,0.82,5.51,0.46,2.2,3.56,12.1,0.6,22.9,43.6,6.34,538,4.27,4.33,38.5,60,1.1,45.74,1.54,0.7
PPL,CYC061,PPL_CYL_061_097_,9.7,Cyclops Cave 3,Fine Mica and Quartz Fabric ,Fine Mica and Quartz Fabric ,"Cyclops Cave, Youra, Sporades Islands, Greece",39.37219395,24.15593147,Cyclops Cave Neolithic 61,Matt Painted,Late Neolithic I,4.55,1.13,3.94,6.16,0.35,1.9,2.99,15.8,3.0,35.2,77.2,16.20,140,5.67,6.83,17.0,140,1.3,17.58,1.25,0.9
XP,CYC061,XPL_CYL_061_097_,9.7,Cyclops Cave 3,Fine Mica and Quartz Fabric ,Fine Mica and Quartz Fabric ,"Cyclops Cave, Youra, Sporades Islands, Greece",39.37219395,24.15593147,Cyclops Cave Neolithic 61,Matt Painted,Late Neolithic I,4.55,1.13,3.94,6.16,0.35,1.9,2.99,15.8,3.0,35.2,77.2,16.20,140,5.67,6.83,17.0,140,1.3,17.58,1.25,0.9
PPL,CYC061,PPL_CYL_061_021_,2.1,Cyclops Cave 3,Fine Mica and Quartz Fabric ,Fine Mica and Quartz Fabric ,"Cyclops Cave, Youra, Sporades Islands, Greece",39.37219395,24.15593147,Cyclops Cave Neolithic 61,Matt Painted,Late Neolithic I,4.55,1.13,3.94,6.16,0.35,1.9,2.99,15.8,3.0,35.2,77.2,16.20,140,5.67,6.83,17.0,140,1.3,17.58,1.25,0.9
XP,CYC061,XPL_CYL_061_021_,2.1,Cyclops Cave 3,Fine Mica and Quartz Fabric ,Fine Mica and Quartz Fabric ,"Cyclops Cave, Youra, Sporades Islands, Greece",39.37219395,24.15593147,Cyclops Cave Neolithic 61,Matt Painted,Late Neolithic I,4.55,1.13,3.94,6.16,0.35,1.9,2.99,15.8,3.0,35.2,77.2,16.20,140,5.67,6.83,17.0,140,1.3,17.58,1.25,0.9
PPL,CYC062,PPL_CYL_062_097_,9.7,Cyclops Cave 3,Fine Mica and Quartz Fabric ,Fine Mica and Quartz Fabric ,"Cyclops Cave, Youra, Sporades Islands, Greece",39.37219395,24.15593147,Cyclops Cave Neolithic 62,Matt Painted,Late Neolithic I,5.36,1.02,6.38,9.17,0.47,3.2,3.86,34.5,3.0,53.5,112.4,19.50,158,5.17,4.36,18.0,110,1.2,18.18,1.68,1.2
XP,CYC062,XPL_CYL_062_097_,9.7,Cyclops Cave 3,Fine Mica and Quartz Fabric ,Fine Mica and Quartz Fabric ,"Cyclops Cave, Youra, Sporades Islands, Greece",39.37219395,24.15593147,Cyclops Cave Neolithic 62,Matt Painted,Late Neolithic I,5.36,1.02,6.38,9.17,0.47,3.2,3.86,34.5,3.0,53.5,112.4,19.50,158,5.17,4.36,18.0,110,1.2,18.18,1.68,1.2
PPL,CYC062,PPL_CYL_062_021_,2.1,Cyclops Cave 3,Fine Mica and Quartz Fabric ,Fine Mica and Quartz Fabric ,"Cyclops Cave, Youra, Sporades Islands, Greece",39.37219395,24.15593147,Cyclops Cave Neolithic 62,Matt Painted,Late Neolithic I,5.36,1.02,6.38,9.17,0.47,3.2,3.86,34.5,3.0,53.5,112.4,19.50,158,5.17,4.36,18.0,110,1.2,18.18,1.68,1.2
XP,CYC062,XPL_CYL_062_021_,2.1,Cyclops Cave 3,Fine Mica and Quartz Fabric ,Fine Mica and Quartz Fabric ,"Cyclops Cave, Youra, Sporades Islands, Greece",39.37219395,24.15593147,Cyclops Cave Neolithic 62,Matt Painted,Late Neolithic I,5.36,1.02,6.38,9.17,0.47,3.2,3.86,34.5,3.0,53.5,112.4,19.50,158,5.17,4.36,18.0,110,1.2,18.18,1.68,1.2
PPL,CYC063,PPL_CYL_063_097_,9.7,Cyclops Cave 3,Fine Mica and Quartz Fabric ,Fine Mica and Quartz Fabric ,"Cyclops Cave, Youra, Sporades Islands, Greece",39.37219395,24.15593147,Cyclops Cave Neolithic 63,Matt Painted,Late Neolithic I,5.37,1.55,6.54,8.71,0.44,2.6,3.57,37.9,3.3,50.7,106.5,19.00,134,5.28,6.20,18.9,140,1.5,20.50,1.66,1.0
XP,CYC063,XPL_CYL_063_097_,9.7,Cyclops Cave 3,Fine Mica and Quartz Fabric ,Fine Mica and Quartz Fabric ,"Cyclops Cave, Youra, Sporades Islands, Greece",39.37219395,24.15593147,Cyclops Cave Neolithic 63,Matt Painted,Late Neolithic I,5.37,1.55,6.54,8.71,0.44,2.6,3.57,37.9,3.3,50.7,106.5,19.00,134,5.28,6.20,18.9,140,1.5,20.50,1.66,1.0
PPL,CYC063,PPL_CYL_063_021_,2.1,Cyclops Cave 3,Fine Mica and Quartz Fabric ,Fine Mica and Quartz Fabric ,"Cyclops Cave, Youra, Sporades Islands, Greece",39.37219395,24.15593147,Cyclops Cave Neolithic 63,Matt Painted,Late Neolithic I,5.37,1.55,6.54,8.71,0.44,2.6,3.57,37.9,3.3,50.7,106.5,19.00,134,5.28,6.20,18.9,140,1.5,20.50,1.66,1.0
XP,CYC063,XPL_CYL_063_021_,2.1,Cyclops Cave 3,Fine Mica and Quartz Fabric ,Fine Mica and Quartz Fabric ,"Cyclops Cave, Youra, Sporades Islands, Greece",39.37219395,24.15593147,Cyclops Cave Neolithic 63,Matt Painted,Late Neolithic I,5.37,1.55,6.54,8.71,0.44,2.6,3.57,37.9,3.3,50.7,106.5,19.00,134,5.28,6.20,18.9,140,1.5,20.50,1.66,1.0
PPL,CYC064,PPL_CYL_064_097_,9.7,Cyclops Cave 12,Schist Fabric,Schist Fabric,"Cyclops Cave, Youra, Sporades Islands, Greece",39.37219395,24.15593147,Cyclops Cave Neolithic 64,Matt Painted,Late Neolithic I,5.63,1.12,0.63,7.25,0.43,3.0,3.43,7.2,0.7,40.6,99.0,16.70,117,8.76,2.80,18.8,100,1.0,22.33,1.44,1.1
XP,CYC064,XPL_CYL_064_097_,9.7,Cyclops Cave 12,Schist Fabric,Schist Fabric,"Cyclops Cave, Youra, Sporades Islands, Greece",39.37219395,24.15593147,Cyclops Cave Neolithic 64,Matt Painted,Late Neolithic I,5.63,1.12,0.63,7.25,0.43,3.0,3.43,7.2,0.7,40.6,99.0,16.70,117,8.76,2.80,18.8,100,1.0,22.33,1.44,1.1
PPL,CYC064,PPL_CYL_064_021_,2.1,Cyclops Cave 12,Schist Fabric,Schist Fabric,"Cyclops Cave, Youra, Sporades Islands, Greece",39.37219395,24.15593147,Cyclops Cave Neolithic 64,Matt Painted,Late Neolithic I,5.63,1.12,0.63,7.25,0.43,3.0,3.43,7.2,0.7,40.6,99.0,16.70,117,8.76,2.80,18.8,100,1.0,22.33,1.44,1.1
XP,CYC064,XPL_CYL_064_021_,2.1,Cyclops Cave 12,Schist Fabric,Schist Fabric,"Cyclops Cave, Youra, Sporades Islands, Greece",39.37219395,24.15593147,Cyclops Cave Neolithic 64,Matt Painted,Late Neolithic I,5.63,1.12,0.63,7.25,0.43,3.0,3.43,7.2,0.7,40.6,99.0,16.70,117,8.76,2.80,18.8,100,1.0,22.33,1.44,1.1
