#img,#name,Title,Common Name,Taxonomic Name
IMG_3238_1,IMG_3238_1,IMG_3238_1,Monarch,Danaus plexippus
IMG_3238_2,IMG_3238_2,IMG_3238_2,Monarch,Danaus plexippus
IMG_3238_3,IMG_3238_3,IMG_3238_3,Monarch,Danaus plexippus
IMG_3238_4,IMG_3238_4,IMG_3238_4,Monarch,Danaus plexippus
IMG_3238_5,IMG_3238_5,IMG_3238_5,Monarch,Danaus plexippus
IMG_3238_6,IMG_3238_6,IMG_3238_6,Monarch,Danaus plexippus
IMG_3239_1,IMG_3239_1,IMG_3239_1,Monarch,Danaus plexippus
IMG_3239_2,IMG_3239_2,IMG_3239_2,Monarch,Danaus plexippus
IMG_3239_3,IMG_3239_3,IMG_3239_3,Monarch,Danaus plexippus
IMG_3239_4,IMG_3239_4,IMG_3239_4,Monarch,Danaus plexippus
IMG_3239_5,IMG_3239_5,IMG_3239_5,Monarch,Danaus plexippus
IMG_3239_6,IMG_3239_6,IMG_3239_6,Monarch,Danaus plexippus
IMG_3240_1,IMG_3240_1,IMG_3240_1,Monarch,Danaus plexippus
IMG_3240_2,IMG_3240_2,IMG_3240_2,Monarch,Danaus plexippus
IMG_3240_3,IMG_3240_3,IMG_3240_3,Monarch,Danaus plexippus
IMG_3240_4,IMG_3240_4,IMG_3240_4,Monarch,Danaus plexippus
IMG_3240_5,IMG_3240_5,IMG_3240_5,Monarch,Danaus plexippus
IMG_3240_6,IMG_3240_6,IMG_3240_6,Monarch,Danaus plexippus
IMG_3241_1,IMG_3241_1,IMG_3241_1,Monarch,Danaus plexippus
IMG_3241_2,IMG_3241_2,IMG_3241_2,Monarch,Danaus plexippus
IMG_3241_3,IMG_3241_3,IMG_3241_3,Monarch,Danaus plexippus
IMG_3241_4,IMG_3241_4,IMG_3241_4,Monarch,Danaus plexippus
IMG_3241_5,IMG_3241_5,IMG_3241_5,Monarch,Danaus plexippus
IMG_3241_6,IMG_3241_6,IMG_3241_6,Monarch,Danaus plexippus
IMG_3242_1,IMG_3242_1,IMG_3242_1,Monarch,Danaus plexippus
IMG_3242_2,IMG_3242_2,IMG_3242_2,Monarch,Danaus plexippus
IMG_3242_3,IMG_3242_3,IMG_3242_3,Monarch,Danaus plexippus
IMG_3242_4,IMG_3242_4,IMG_3242_4,Monarch,Danaus plexippus
IMG_3242_5,IMG_3242_5,IMG_3242_5,Monarch,Danaus plexippus
IMG_3242_6,IMG_3242_6,IMG_3242_6,Monarch,Danaus plexippus
IMG_3243_1,IMG_3243_1,IMG_3243_1,Monarch,Danaus plexippus
IMG_3243_2,IMG_3243_2,IMG_3243_2,Monarch,Danaus plexippus
IMG_3243_3,IMG_3243_3,IMG_3243_3,Monarch,Danaus plexippus
IMG_3243_4,IMG_3243_4,IMG_3243_4,Monarch,Danaus plexippus
IMG_3243_5,IMG_3243_5,IMG_3243_5,Monarch,Danaus plexippus
IMG_3243_6,IMG_3243_6,IMG_3243_6,Monarch,Danaus plexippus
IMG_3244_1,IMG_3244_1,IMG_3244_1,Monarch,Danaus plexippus
IMG_3244_2,IMG_3244_2,IMG_3244_2,Monarch,Danaus plexippus
IMG_3244_3,IMG_3244_3,IMG_3244_3,Monarch,Danaus plexippus
IMG_3244_4,IMG_3244_4,IMG_3244_4,Monarch,Danaus plexippus
IMG_3244_5,IMG_3244_5,IMG_3244_5,Monarch,Danaus plexippus
IMG_3244_6,IMG_3244_6,IMG_3244_6,Monarch,Danaus plexippus
IMG_3246_1,IMG_3246_1,IMG_3246_1,Monarch,Danaus plexippus
IMG_3246_2,IMG_3246_2,IMG_3246_2,Monarch,Danaus plexippus
IMG_3246_3,IMG_3246_3,IMG_3246_3,Monarch,Danaus plexippus
IMG_3246_4,IMG_3246_4,IMG_3246_4,Monarch,Danaus plexippus
IMG_3246_5,IMG_3246_5,IMG_3246_5,Monarch,Danaus plexippus
IMG_3246_6,IMG_3246_6,IMG_3246_6,Monarch,Danaus plexippus
IMG_3247_1,IMG_3247_1,IMG_3247_1,Monarch,Danaus plexippus
IMG_3247_2,IMG_3247_2,IMG_3247_2,Monarch,Danaus plexippus
IMG_3247_3,IMG_3247_3,IMG_3247_3,Monarch,Danaus plexippus
IMG_3248_1,IMG_3248_1,IMG_3248_1,Monarch,Danaus plexippus
IMG_3248_2,IMG_3248_2,IMG_3248_2,Monarch,Danaus plexippus
IMG_3248_3,IMG_3248_3,IMG_3248_3,Monarch,Danaus plexippus
IMG_3248_4,IMG_3248_4,IMG_3248_4,Monarch,Danaus plexippus
IMG_3248_5,IMG_3248_5,IMG_3248_5,Monarch,Danaus plexippus
IMG_3248_6,IMG_3248_6,IMG_3248_6,Monarch,Danaus plexippus
IMG_3249_1,IMG_3249_1,IMG_3249_1,Monarch,Danaus plexippus
IMG_3249_2,IMG_3249_2,IMG_3249_2,Monarch,Danaus plexippus
IMG_3249_3,IMG_3249_3,IMG_3249_3,Monarch,Danaus plexippus
IMG_3249_4,IMG_3249_4,IMG_3249_4,Monarch,Danaus plexippus
IMG_3249_5,IMG_3249_5,IMG_3249_5,Monarch,Danaus plexippus
IMG_3249_6,IMG_3249_6,IMG_3249_6,Monarch,Danaus plexippus
IMG_3252_1,IMG_3252_1,IMG_3252_1,Monarch,Danaus plexippus
IMG_3252_2,IMG_3252_2,IMG_3252_2,Monarch,Danaus plexippus
IMG_3252_3,IMG_3252_3,IMG_3252_3,Monarch,Danaus plexippus
IMG_3252_4,IMG_3252_4,IMG_3252_4,Monarch,Danaus plexippus
IMG_3252_5,IMG_3252_5,IMG_3252_5,Monarch,Danaus plexippus
IMG_3252_6,IMG_3252_6,IMG_3252_6,Monarch,Danaus plexippus
IMG_3253_1,IMG_3253_1,IMG_3253_1,Monarch,Danaus plexippus
IMG_3253_2,IMG_3253_2,IMG_3253_2,Monarch,Danaus plexippus
IMG_3253_3,IMG_3253_3,IMG_3253_3,Monarch,Danaus plexippus
IMG_3253_4,IMG_3253_4,IMG_3253_4,Monarch,Danaus plexippus
IMG_3253_5,IMG_3253_5,IMG_3253_5,Monarch,Danaus plexippus
IMG_3253_6,IMG_3253_6,IMG_3253_6,Monarch,Danaus plexippus
IMG_3254_1,IMG_3254_1,IMG_3254_1,Monarch,Danaus plexippus
IMG_3254_2,IMG_3254_2,IMG_3254_2,Monarch,Danaus plexippus
IMG_3254_3,IMG_3254_3,IMG_3254_3,Monarch,Danaus plexippus
IMG_3254_4,IMG_3254_4,IMG_3254_4,Monarch,Danaus plexippus
IMG_3254_5,IMG_3254_5,IMG_3254_5,Monarch,Danaus plexippus
IMG_3254_6,IMG_3254_6,IMG_3254_6,Monarch,Danaus plexippus
IMG_3255_1,IMG_3255_1,IMG_3255_1,Monarch,Danaus plexippus
IMG_3255_2,IMG_3255_2,IMG_3255_2,Monarch,Danaus plexippus
IMG_3255_3,IMG_3255_3,IMG_3255_3,Monarch,Danaus plexippus
IMG_3255_4,IMG_3255_4,IMG_3255_4,Monarch,Danaus plexippus
IMG_3255_5,IMG_3255_5,IMG_3255_5,Monarch,Danaus plexippus
IMG_3255_6,IMG_3255_6,IMG_3255_6,Monarch,Danaus plexippus
IMG_3256_1,IMG_3256_1,IMG_3256_1,Monarch,Danaus plexippus
IMG_3256_2,IMG_3256_2,IMG_3256_2,Monarch,Danaus plexippus
IMG_3256_3,IMG_3256_3,IMG_3256_3,Monarch,Danaus plexippus
IMG_3256_4,IMG_3256_4,IMG_3256_4,Monarch,Danaus plexippus
IMG_3256_5,IMG_3256_5,IMG_3256_5,Monarch,Danaus plexippus
IMG_3256_6,IMG_3256_6,IMG_3256_6,Monarch,Danaus plexippus
IMG_3257_1,IMG_3257_1,IMG_3257_1,Monarch,Danaus plexippus
IMG_3257_2,IMG_3257_2,IMG_3257_2,Monarch,Danaus plexippus
IMG_3257_3,IMG_3257_3,IMG_3257_3,Monarch,Danaus plexippus
IMG_3257_4,IMG_3257_4,IMG_3257_4,Monarch,Danaus plexippus
IMG_3257_5,IMG_3257_5,IMG_3257_5,Monarch,Danaus plexippus
IMG_3257_6,IMG_3257_6,IMG_3257_6,Monarch,Danaus plexippus
IMG_3258_1,IMG_3258_1,IMG_3258_1,Monarch,Danaus plexippus
IMG_3258_2,IMG_3258_2,IMG_3258_2,Monarch,Danaus plexippus
IMG_3258_3,IMG_3258_3,IMG_3258_3,Monarch,Danaus plexippus
IMG_3258_4,IMG_3258_4,IMG_3258_4,Monarch,Danaus plexippus
IMG_3258_5,IMG_3258_5,IMG_3258_5,Monarch,Danaus plexippus
IMG_3258_6,IMG_3258_6,IMG_3258_6,Monarch,Danaus plexippus
IMG_3259_1,IMG_3259_1,IMG_3259_1,Monarch,Danaus plexippus
IMG_3259_2,IMG_3259_2,IMG_3259_2,Monarch,Danaus plexippus
IMG_3259_3,IMG_3259_3,IMG_3259_3,Monarch,Danaus plexippus
IMG_3259_4,IMG_3259_4,IMG_3259_4,Monarch,Danaus plexippus
IMG_3259_5,IMG_3259_5,IMG_3259_5,Monarch,Danaus plexippus
IMG_3259_6,IMG_3259_6,IMG_3259_6,Monarch,Danaus plexippus
IMG_3260_1,IMG_3260_1,IMG_3260_1,Monarch,Danaus plexippus
IMG_3260_2,IMG_3260_2,IMG_3260_2,Monarch,Danaus plexippus
IMG_3260_3,IMG_3260_3,IMG_3260_3,Monarch,Danaus plexippus
IMG_3260_4,IMG_3260_4,IMG_3260_4,Monarch,Danaus plexippus
IMG_3261_1,IMG_3261_1,IMG_3261_1,Monarch,Danaus plexippus
IMG_3261_2,IMG_3261_2,IMG_3261_2,Monarch,Danaus plexippus
IMG_3261_3,IMG_3261_3,IMG_3261_3,Monarch,Danaus plexippus
IMG_3261_4,IMG_3261_4,IMG_3261_4,Monarch,Danaus plexippus
IMG_3261_5,IMG_3261_5,IMG_3261_5,Monarch,Danaus plexippus
IMG_3261_6,IMG_3261_6,IMG_3261_6,Monarch,Danaus plexippus
IMG_3262_1,IMG_3262_1,IMG_3262_1,Monarch,Danaus plexippus
IMG_3262_2,IMG_3262_2,IMG_3262_2,Monarch,Danaus plexippus
IMG_3262_3,IMG_3262_3,IMG_3262_3,Monarch,Danaus plexippus
IMG_3262_4,IMG_3262_4,IMG_3262_4,Monarch,Danaus plexippus
IMG_3262_5,IMG_3262_5,IMG_3262_5,Monarch,Danaus plexippus
IMG_3262_6,IMG_3262_6,IMG_3262_6,Monarch,Danaus plexippus
IMG_3263_1,IMG_3263_1,IMG_3263_1,Monarch,Danaus plexippus
IMG_3263_2,IMG_3263_2,IMG_3263_2,Monarch,Danaus plexippus
IMG_3264_1,IMG_3264_1,IMG_3264_1,Monarch,Danaus plexippus
IMG_3264_2,IMG_3264_2,IMG_3264_2,Monarch,Danaus plexippus
IMG_3264_3,IMG_3264_3,IMG_3264_3,Monarch,Danaus plexippus
IMG_3264_4,IMG_3264_4,IMG_3264_4,Monarch,Danaus plexippus
IMG_3264_5,IMG_3264_5,IMG_3264_5,Monarch,Danaus plexippus
IMG_3264_6,IMG_3264_6,IMG_3264_6,Monarch,Danaus plexippus
IMG_3265_1,IMG_3265_1,IMG_3265_1,Monarch,Danaus plexippus
IMG_3265_2,IMG_3265_2,IMG_3265_2,Monarch,Danaus plexippus
IMG_3265_3,IMG_3265_3,IMG_3265_3,Monarch,Danaus plexippus
IMG_3265_4,IMG_3265_4,IMG_3265_4,Monarch,Danaus plexippus
IMG_3265_5,IMG_3265_5,IMG_3265_5,Monarch,Danaus plexippus
IMG_3265_6,IMG_3265_6,IMG_3265_6,Monarch,Danaus plexippus
IMG_3266_1,IMG_3266_1,IMG_3266_1,Monarch,Danaus plexippus
IMG_3266_2,IMG_3266_2,IMG_3266_2,Monarch,Danaus plexippus
IMG_3266_3,IMG_3266_3,IMG_3266_3,Monarch,Danaus plexippus
IMG_3266_4,IMG_3266_4,IMG_3266_4,Monarch,Danaus plexippus
IMG_3266_5,IMG_3266_5,IMG_3266_5,Monarch,Danaus plexippus
IMG_3266_6,IMG_3266_6,IMG_3266_6,Monarch,Danaus plexippus
IMG_3268_1,IMG_3268_1,IMG_3268_1,Monarch,Danaus plexippus
IMG_3268_2,IMG_3268_2,IMG_3268_2,Monarch,Danaus plexippus
IMG_3268_3,IMG_3268_3,IMG_3268_3,Monarch,Danaus plexippus
IMG_3268_4,IMG_3268_4,IMG_3268_4,Monarch,Danaus plexippus
IMG_3268_5,IMG_3268_5,IMG_3268_5,Monarch,Danaus plexippus
IMG_3268_6,IMG_3268_6,IMG_3268_6,Monarch,Danaus plexippus
IMG_3269_1,IMG_3269_1,IMG_3269_1,Monarch,Danaus plexippus
IMG_3269_2,IMG_3269_2,IMG_3269_2,Monarch,Danaus plexippus
IMG_3269_3,IMG_3269_3,IMG_3269_3,Monarch,Danaus plexippus
IMG_3269_4,IMG_3269_4,IMG_3269_4,Monarch,Danaus plexippus
IMG_3269_5,IMG_3269_5,IMG_3269_5,Monarch,Danaus plexippus
IMG_3269_6,IMG_3269_6,IMG_3269_6,Monarch,Danaus plexippus
IMG_3270_1,IMG_3270_1,IMG_3270_1,Monarch,Danaus plexippus
IMG_3270_2,IMG_3270_2,IMG_3270_2,Monarch,Danaus plexippus
IMG_3270_3,IMG_3270_3,IMG_3270_3,Monarch,Danaus plexippus
IMG_3270_4,IMG_3270_4,IMG_3270_4,Monarch,Danaus plexippus
IMG_3270_5,IMG_3270_5,IMG_3270_5,Monarch,Danaus plexippus
IMG_3270_6,IMG_3270_6,IMG_3270_6,Monarch,Danaus plexippus
IMG_3271_1,IMG_3271_1,IMG_3271_1,Monarch,Danaus plexippus
IMG_3271_2,IMG_3271_2,IMG_3271_2,Monarch,Danaus plexippus
IMG_3271_3,IMG_3271_3,IMG_3271_3,Monarch,Danaus plexippus
IMG_3271_4,IMG_3271_4,IMG_3271_4,Monarch,Danaus plexippus
IMG_3271_5,IMG_3271_5,IMG_3271_5,Monarch,Danaus plexippus
IMG_3272_1,IMG_3272_1,IMG_3272_1,Monarch,Danaus plexippus
IMG_3272_2,IMG_3272_2,IMG_3272_2,Monarch,Danaus plexippus
IMG_3272_3,IMG_3272_3,IMG_3272_3,Monarch,Danaus plexippus
IMG_3272_4,IMG_3272_4,IMG_3272_4,Monarch,Danaus plexippus
IMG_3273_1,IMG_3273_1,IMG_3273_1,Monarch,Danaus plexippus
IMG_3273_2,IMG_3273_2,IMG_3273_2,Monarch,Danaus plexippus
IMG_3273_3,IMG_3273_3,IMG_3273_3,Monarch,Danaus plexippus
IMG_3273_4,IMG_3273_4,IMG_3273_4,Monarch,Danaus plexippus
IMG_3273_5,IMG_3273_5,IMG_3273_5,Monarch,Danaus plexippus
IMG_3273_6,IMG_3273_6,IMG_3273_6,Monarch,Danaus plexippus
IMG_3274_1,IMG_3274_1,IMG_3274_1,Monarch,Danaus plexippus
IMG_3274_2,IMG_3274_2,IMG_3274_2,Monarch,Danaus plexippus
IMG_3274_3,IMG_3274_3,IMG_3274_3,Monarch,Danaus plexippus
IMG_3274_4,IMG_3274_4,IMG_3274_4,Monarch,Danaus plexippus
IMG_3274_5,IMG_3274_5,IMG_3274_5,Monarch,Danaus plexippus
IMG_3274_6,IMG_3274_6,IMG_3274_6,Monarch,Danaus plexippus
IMG_3275_1,IMG_3275_1,IMG_3275_1,Monarch,Danaus plexippus
IMG_3275_2,IMG_3275_2,IMG_3275_2,Monarch,Danaus plexippus
IMG_3275_3,IMG_3275_3,IMG_3275_3,Monarch,Danaus plexippus
IMG_3275_4,IMG_3275_4,IMG_3275_4,Monarch,Danaus plexippus
IMG_3275_5,IMG_3275_5,IMG_3275_5,Monarch,Danaus plexippus
IMG_3276_1,IMG_3276_1,IMG_3276_1,Monarch,Danaus plexippus
IMG_3276_2,IMG_3276_2,IMG_3276_2,Monarch,Danaus plexippus
IMG_3276_3,IMG_3276_3,IMG_3276_3,Monarch,Danaus plexippus
IMG_3276_4,IMG_3276_4,IMG_3276_4,Monarch,Danaus plexippus
IMG_3276_5,IMG_3276_5,IMG_3276_5,Monarch,Danaus plexippus
IMG_3276_6,IMG_3276_6,IMG_3276_6,Monarch,Danaus plexippus
IMG_3278_1,IMG_3278_1,IMG_3278_1,Monarch,Danaus plexippus
IMG_3278_2,IMG_3278_2,IMG_3278_2,Monarch,Danaus plexippus
IMG_3278_3,IMG_3278_3,IMG_3278_3,Monarch,Danaus plexippus
IMG_3279_1,IMG_3279_1,IMG_3279_1,Monarch,Danaus plexippus
IMG_3279_2,IMG_3279_2,IMG_3279_2,Monarch,Danaus plexippus
IMG_3279_3,IMG_3279_3,IMG_3279_3,Monarch,Danaus plexippus
IMG_3279_4,IMG_3279_4,IMG_3279_4,Monarch,Danaus plexippus
IMG_3279_5,IMG_3279_5,IMG_3279_5,Monarch,Danaus plexippus
IMG_3279_6,IMG_3279_6,IMG_3279_6,Monarch,Danaus plexippus
IMG_3280_1,IMG_3280_1,IMG_3280_1,Monarch,Danaus plexippus
IMG_3280_2,IMG_3280_2,IMG_3280_2,Monarch,Danaus plexippus
IMG_3280_3,IMG_3280_3,IMG_3280_3,Monarch,Danaus plexippus
IMG_3280_4,IMG_3280_4,IMG_3280_4,Monarch,Danaus plexippus
IMG_3280_5,IMG_3280_5,IMG_3280_5,Monarch,Danaus plexippus
IMG_3280_6,IMG_3280_6,IMG_3280_6,Monarch,Danaus plexippus
IMG_3281_1,IMG_3281_1,IMG_3281_1,Monarch,Danaus plexippus
IMG_3281_2,IMG_3281_2,IMG_3281_2,Monarch,Danaus plexippus
IMG_3281_3,IMG_3281_3,IMG_3281_3,Monarch,Danaus plexippus
IMG_3281_4,IMG_3281_4,IMG_3281_4,Monarch,Danaus plexippus
IMG_3281_5,IMG_3281_5,IMG_3281_5,Monarch,Danaus plexippus
IMG_3281_6,IMG_3281_6,IMG_3281_6,Monarch,Danaus plexippus
IMG_3283_1,IMG_3283_1,IMG_3283_1,Monarch,Danaus plexippus
IMG_3283_2,IMG_3283_2,IMG_3283_2,Monarch,Danaus plexippus
IMG_3283_3,IMG_3283_3,IMG_3283_3,Monarch,Danaus plexippus
IMG_3283_4,IMG_3283_4,IMG_3283_4,Monarch,Danaus plexippus
IMG_3284_1,IMG_3284_1,IMG_3284_1,Monarch,Danaus plexippus
IMG_3284_2,IMG_3284_2,IMG_3284_2,Monarch,Danaus plexippus
IMG_3284_3,IMG_3284_3,IMG_3284_3,Monarch,Danaus plexippus
IMG_3284_4,IMG_3284_4,IMG_3284_4,Monarch,Danaus plexippus
IMG_3284_5,IMG_3284_5,IMG_3284_5,Monarch,Danaus plexippus
IMG_3284_6,IMG_3284_6,IMG_3284_6,Monarch,Danaus plexippus
IMG_3285_1,IMG_3285_1,IMG_3285_1,Monarch,Danaus plexippus
IMG_3285_2,IMG_3285_2,IMG_3285_2,Monarch,Danaus plexippus
IMG_3285_3,IMG_3285_3,IMG_3285_3,Monarch,Danaus plexippus
IMG_3285_4,IMG_3285_4,IMG_3285_4,Monarch,Danaus plexippus
IMG_3286_1,IMG_3286_1,IMG_3286_1,Monarch,Danaus plexippus
IMG_3286_2,IMG_3286_2,IMG_3286_2,Monarch,Danaus plexippus
IMG_3286_3,IMG_3286_3,IMG_3286_3,Monarch,Danaus plexippus
IMG_3286_4,IMG_3286_4,IMG_3286_4,Monarch,Danaus plexippus
IMG_3286_5,IMG_3286_5,IMG_3286_5,Monarch,Danaus plexippus
IMG_3287_1,IMG_3287_1,IMG_3287_1,Monarch,Danaus plexippus
IMG_3287_2,IMG_3287_2,IMG_3287_2,Monarch,Danaus plexippus
IMG_3287_3,IMG_3287_3,IMG_3287_3,Monarch,Danaus plexippus
IMG_3287_4,IMG_3287_4,IMG_3287_4,Monarch,Danaus plexippus
IMG_3288_1,IMG_3288_1,IMG_3288_1,Monarch,Danaus plexippus
IMG_3288_2,IMG_3288_2,IMG_3288_2,Monarch,Danaus plexippus
IMG_3288_3,IMG_3288_3,IMG_3288_3,Monarch,Danaus plexippus
IMG_3288_4,IMG_3288_4,IMG_3288_4,Monarch,Danaus plexippus
IMG_3289_1,IMG_3289_1,IMG_3289_1,Monarch,Danaus plexippus
IMG_3289_2,IMG_3289_2,IMG_3289_2,Monarch,Danaus plexippus
IMG_3291_1,IMG_3291_1,IMG_3291_1,Viceroy,Limenitis archippus
IMG_3291_2,IMG_3291_2,IMG_3291_2,Viceroy,Limenitis archippus
IMG_3291_3,IMG_3291_3,IMG_3291_3,Viceroy,Limenitis archippus
IMG_3291_4,IMG_3291_4,IMG_3291_4,Viceroy,Limenitis archippus
IMG_3291_5,IMG_3291_5,IMG_3291_5,Viceroy,Limenitis archippus
IMG_3291_6,IMG_3291_6,IMG_3291_6,Viceroy,Limenitis archippus
IMG_3291_7,IMG_3291_7,IMG_3291_7,Viceroy,Limenitis archippus
IMG_3292_1,IMG_3292_1,IMG_3292_1,Viceroy,Limenitis archippus
IMG_3292_2,IMG_3292_2,IMG_3292_2,Viceroy,Limenitis archippus
IMG_3292_3,IMG_3292_3,IMG_3292_3,Viceroy,Limenitis archippus
IMG_3292_4,IMG_3292_4,IMG_3292_4,Viceroy,Limenitis archippus
IMG_3293_1,IMG_3293_1,IMG_3293_1,Viceroy,Limenitis archippus
IMG_3293_2,IMG_3293_2,IMG_3293_2,Viceroy,Limenitis archippus
IMG_3293_3,IMG_3293_3,IMG_3293_3,Viceroy,Limenitis archippus
IMG_3293_4,IMG_3293_4,IMG_3293_4,Viceroy,Limenitis archippus
IMG_3293_5,IMG_3293_5,IMG_3293_5,Viceroy,Limenitis archippus
IMG_3294_1,IMG_3294_1,IMG_3294_1,Viceroy,Limenitis archippus
IMG_3294_2,IMG_3294_2,IMG_3294_2,Viceroy,Limenitis archippus
IMG_3294_3,IMG_3294_3,IMG_3294_3,Viceroy,Limenitis archippus
IMG_3294_4,IMG_3294_4,IMG_3294_4,Viceroy,Limenitis archippus
IMG_3294_5,IMG_3294_5,IMG_3294_5,Viceroy,Limenitis archippus
IMG_3295_1,IMG_3295_1,IMG_3295_1,Viceroy,Limenitis archippus
IMG_3295_2,IMG_3295_2,IMG_3295_2,Viceroy,Limenitis archippus
IMG_3295_3,IMG_3295_3,IMG_3295_3,Viceroy,Limenitis archippus
IMG_3295_4,IMG_3295_4,IMG_3295_4,Viceroy,Limenitis archippus
IMG_3296_1,IMG_3296_1,IMG_3296_1,Viceroy,Limenitis archippus
IMG_3296_2,IMG_3296_2,IMG_3296_2,Viceroy,Limenitis archippus
IMG_3296_3,IMG_3296_3,IMG_3296_3,Viceroy,Limenitis archippus
IMG_3296_4,IMG_3296_4,IMG_3296_4,Viceroy,Limenitis archippus
IMG_3296_5,IMG_3296_5,IMG_3296_5,Viceroy,Limenitis archippus
IMG_3296_6,IMG_3296_6,IMG_3296_6,Viceroy,Limenitis archippus
IMG_3296_7,IMG_3296_7,IMG_3296_7,Viceroy,Limenitis archippus
IMG_3296_8,IMG_3296_8,IMG_3296_8,Viceroy,Limenitis archippus
IMG_3296_9,IMG_3296_9,IMG_3296_9,Viceroy,Limenitis archippus
IMG_3297_1,IMG_3297_1,IMG_3297_1,Viceroy,Limenitis archippus
IMG_3297_2,IMG_3297_2,IMG_3297_2,Viceroy,Limenitis archippus
IMG_3297_3,IMG_3297_3,IMG_3297_3,Viceroy,Limenitis archippus
IMG_3297_4,IMG_3297_4,IMG_3297_4,Viceroy,Limenitis archippus
IMG_3297_5,IMG_3297_5,IMG_3297_5,Viceroy,Limenitis archippus
IMG_3297_6,IMG_3297_6,IMG_3297_6,Viceroy,Limenitis archippus
IMG_3298_1,IMG_3298_1,IMG_3298_1,Viceroy,Limenitis archippus
IMG_3298_2,IMG_3298_2,IMG_3298_2,Viceroy,Limenitis archippus
IMG_3298_3,IMG_3298_3,IMG_3298_3,Viceroy,Limenitis archippus
IMG_3298_4,IMG_3298_4,IMG_3298_4,Viceroy,Limenitis archippus
IMG_3298_5,IMG_3298_5,IMG_3298_5,Viceroy,Limenitis archippus
IMG_3298_6,IMG_3298_6,IMG_3298_6,Viceroy,Limenitis archippus
IMG_3298_7,IMG_3298_7,IMG_3298_7,Viceroy,Limenitis archippus
IMG_3298_8,IMG_3298_8,IMG_3298_8,Viceroy,Limenitis archippus
IMG_3298_9,IMG_3298_9,IMG_3298_9,Viceroy,Limenitis archippus
IMG_3299_1,IMG_3299_1,IMG_3299_1,Viceroy,Limenitis archippus
IMG_3299_2,IMG_3299_2,IMG_3299_2,Viceroy,Limenitis archippus
IMG_3299_3,IMG_3299_3,IMG_3299_3,Viceroy,Limenitis archippus
IMG_3299_4,IMG_3299_4,IMG_3299_4,Viceroy,Limenitis archippus
IMG_3299_5,IMG_3299_5,IMG_3299_5,Viceroy,Limenitis archippus
IMG_3300_1,IMG_3300_1,IMG_3300_1,Viceroy,Limenitis archippus
IMG_3300_2,IMG_3300_2,IMG_3300_2,Viceroy,Limenitis archippus
IMG_3300_3,IMG_3300_3,IMG_3300_3,Viceroy,Limenitis archippus
IMG_3300_4,IMG_3300_4,IMG_3300_4,Viceroy,Limenitis archippus
IMG_3300_5,IMG_3300_5,IMG_3300_5,Viceroy,Limenitis archippus
IMG_3301_1,IMG_3301_1,IMG_3301_1,Viceroy,Limenitis archippus
IMG_3301_2,IMG_3301_2,IMG_3301_2,Viceroy,Limenitis archippus
IMG_3301_3,IMG_3301_3,IMG_3301_3,Viceroy,Limenitis archippus
IMG_3301_4,IMG_3301_4,IMG_3301_4,Viceroy,Limenitis archippus
IMG_3301_5,IMG_3301_5,IMG_3301_5,Viceroy,Limenitis archippus
IMG_3302_1,IMG_3302_1,IMG_3302_1,Viceroy,Limenitis archippus
IMG_3302_2,IMG_3302_2,IMG_3302_2,Viceroy,Limenitis archippus
IMG_3303_1,IMG_3303_1,IMG_3303_1,Viceroy,Limenitis archippus
IMG_3303_2,IMG_3303_2,IMG_3303_2,Viceroy,Limenitis archippus
IMG_3303_3,IMG_3303_3,IMG_3303_3,Viceroy,Limenitis archippus
IMG_3303_4,IMG_3303_4,IMG_3303_4,Viceroy,Limenitis archippus
IMG_3303_5,IMG_3303_5,IMG_3303_5,Viceroy,Limenitis archippus
IMG_3303_6,IMG_3303_6,IMG_3303_6,Viceroy,Limenitis archippus
IMG_3303_7,IMG_3303_7,IMG_3303_7,Viceroy,Limenitis archippus
IMG_3303_8,IMG_3303_8,IMG_3303_8,Viceroy,Limenitis archippus
IMG_3303_9,IMG_3303_9,IMG_3303_9,Viceroy,Limenitis archippus
IMG_3304_1,IMG_3304_1,IMG_3304_1,Viceroy,Limenitis archippus
IMG_3304_2,IMG_3304_2,IMG_3304_2,Viceroy,Limenitis archippus
IMG_3304_3,IMG_3304_3,IMG_3304_3,Viceroy,Limenitis archippus
IMG_3304_4,IMG_3304_4,IMG_3304_4,Viceroy,Limenitis archippus
IMG_3305_1,IMG_3305_1,IMG_3305_1,Viceroy,Limenitis archippus
IMG_3305_2,IMG_3305_2,IMG_3305_2,Viceroy,Limenitis archippus
IMG_3305_3,IMG_3305_3,IMG_3305_3,Viceroy,Limenitis archippus
IMG_3305_4,IMG_3305_4,IMG_3305_4,Viceroy,Limenitis archippus
IMG_3305_5,IMG_3305_5,IMG_3305_5,Viceroy,Limenitis archippus
IMG_3305_6,IMG_3305_6,IMG_3305_6,Viceroy,Limenitis archippus
IMG_3305_7,IMG_3305_7,IMG_3305_7,Viceroy,Limenitis archippus
IMG_3305_8,IMG_3305_8,IMG_3305_8,Viceroy,Limenitis archippus
IMG_3305_9,IMG_3305_9,IMG_3305_9,Viceroy,Limenitis archippus
IMG_3306_1,IMG_3306_1,IMG_3306_1,Viceroy,Limenitis archippus
IMG_3306_2,IMG_3306_2,IMG_3306_2,Viceroy,Limenitis archippus
IMG_3306_3,IMG_3306_3,IMG_3306_3,Viceroy,Limenitis archippus
IMG_3306_4,IMG_3306_4,IMG_3306_4,Viceroy,Limenitis archippus
IMG_3306_5,IMG_3306_5,IMG_3306_5,Viceroy,Limenitis archippus
IMG_3306_6,IMG_3306_6,IMG_3306_6,Viceroy,Limenitis archippus
IMG_3307_1,IMG_3307_1,IMG_3307_1,Viceroy,Limenitis archippus
IMG_3307_2,IMG_3307_2,IMG_3307_2,Viceroy,Limenitis archippus
IMG_3307_3,IMG_3307_3,IMG_3307_3,Viceroy,Limenitis archippus
IMG_3307_4,IMG_3307_4,IMG_3307_4,Viceroy,Limenitis archippus
IMG_3307_5,IMG_3307_5,IMG_3307_5,Viceroy,Limenitis archippus
IMG_3307_6,IMG_3307_6,IMG_3307_6,Viceroy,Limenitis archippus
IMG_3307_7,IMG_3307_7,IMG_3307_7,Viceroy,Limenitis archippus
IMG_3307_8,IMG_3307_8,IMG_3307_8,Viceroy,Limenitis archippus
IMG_3308_1,IMG_3308_1,IMG_3308_1,Viceroy,Limenitis archippus
IMG_3308_2,IMG_3308_2,IMG_3308_2,Viceroy,Limenitis archippus
IMG_3308_3,IMG_3308_3,IMG_3308_3,Viceroy,Limenitis archippus
IMG_3308_4,IMG_3308_4,IMG_3308_4,Viceroy,Limenitis archippus
IMG_3309_1,IMG_3309_1,IMG_3309_1,Viceroy,Limenitis archippus
IMG_3309_2,IMG_3309_2,IMG_3309_2,Viceroy,Limenitis archippus
IMG_3309_3,IMG_3309_3,IMG_3309_3,Viceroy,Limenitis archippus
IMG_3309_4,IMG_3309_4,IMG_3309_4,Viceroy,Limenitis archippus
IMG_3309_5,IMG_3309_5,IMG_3309_5,Viceroy,Limenitis archippus
IMG_3309_6,IMG_3309_6,IMG_3309_6,Viceroy,Limenitis archippus
IMG_3310_1,IMG_3310_1,IMG_3310_1,Viceroy,Limenitis archippus
IMG_3310_2,IMG_3310_2,IMG_3310_2,Viceroy,Limenitis archippus
IMG_3310_3,IMG_3310_3,IMG_3310_3,Viceroy,Limenitis archippus
IMG_3310_4,IMG_3310_4,IMG_3310_4,Viceroy,Limenitis archippus
IMG_3310_5,IMG_3310_5,IMG_3310_5,Viceroy,Limenitis archippus
IMG_3310_6,IMG_3310_6,IMG_3310_6,Viceroy,Limenitis archippus
IMG_3310_7,IMG_3310_7,IMG_3310_7,Viceroy,Limenitis archippus
IMG_3310_8,IMG_3310_8,IMG_3310_8,Viceroy,Limenitis archippus
IMG_3310_9,IMG_3310_9,IMG_3310_9,Viceroy,Limenitis archippus
IMG_3311_1,IMG_3311_1,IMG_3311_1,Viceroy,Limenitis archippus
IMG_3311_2,IMG_3311_2,IMG_3311_2,Viceroy,Limenitis archippus
IMG_3312_1,IMG_3312_1,IMG_3312_1,Viceroy,Limenitis archippus
IMG_3312_2,IMG_3312_2,IMG_3312_2,Viceroy,Limenitis archippus
IMG_3312_3,IMG_3312_3,IMG_3312_3,Viceroy,Limenitis archippus
IMG_3312_4,IMG_3312_4,IMG_3312_4,Viceroy,Limenitis archippus
IMG_3312_5,IMG_3312_5,IMG_3312_5,Viceroy,Limenitis archippus
IMG_3312_6,IMG_3312_6,IMG_3312_6,Viceroy,Limenitis archippus
IMG_3312_7,IMG_3312_7,IMG_3312_7,Viceroy,Limenitis archippus
IMG_3312_8,IMG_3312_8,IMG_3312_8,Viceroy,Limenitis archippus
IMG_3312_9,IMG_3312_9,IMG_3312_9,Viceroy,Limenitis archippus
IMG_3313_1,IMG_3313_1,IMG_3313_1,Viceroy,Limenitis archippus
IMG_3313_2,IMG_3313_2,IMG_3313_2,Viceroy,Limenitis archippus
IMG_3313_3,IMG_3313_3,IMG_3313_3,Viceroy,Limenitis archippus
IMG_3313_4,IMG_3313_4,IMG_3313_4,Viceroy,Limenitis archippus
IMG_3313_5,IMG_3313_5,IMG_3313_5,Viceroy,Limenitis archippus
IMG_3313_6,IMG_3313_6,IMG_3313_6,Viceroy,Limenitis archippus
IMG_3313_7,IMG_3313_7,IMG_3313_7,Viceroy,Limenitis archippus
IMG_3314_1,IMG_3314_1,IMG_3314_1,Viceroy,Limenitis archippus
IMG_3314_2,IMG_3314_2,IMG_3314_2,Viceroy,Limenitis archippus
IMG_3314_3,IMG_3314_3,IMG_3314_3,Viceroy,Limenitis archippus
IMG_3314_4,IMG_3314_4,IMG_3314_4,Viceroy,Limenitis archippus
IMG_3314_5,IMG_3314_5,IMG_3314_5,Viceroy,Limenitis archippus
IMG_3314_6,IMG_3314_6,IMG_3314_6,Viceroy,Limenitis archippus
IMG_3314_7,IMG_3314_7,IMG_3314_7,Viceroy,Limenitis archippus
IMG_3314_8,IMG_3314_8,IMG_3314_8,Viceroy,Limenitis archippus
IMG_3314_9,IMG_3314_9,IMG_3314_9,Viceroy,Limenitis archippus
IMG_3315_1,IMG_3315_1,IMG_3315_1,Viceroy,Limenitis archippus
IMG_3315_2,IMG_3315_2,IMG_3315_2,Viceroy,Limenitis archippus
IMG_3315_3,IMG_3315_3,IMG_3315_3,Viceroy,Limenitis archippus
IMG_3315_4,IMG_3315_4,IMG_3315_4,Viceroy,Limenitis archippus
IMG_3315_5,IMG_3315_5,IMG_3315_5,Viceroy,Limenitis archippus
IMG_3315_6,IMG_3315_6,IMG_3315_6,Viceroy,Limenitis archippus
IMG_3315_7,IMG_3315_7,IMG_3315_7,Viceroy,Limenitis archippus
IMG_3315_8,IMG_3315_8,IMG_3315_8,Viceroy,Limenitis archippus
IMG_3315_9,IMG_3315_9,IMG_3315_9,Viceroy,Limenitis archippus
IMG_3316_1,IMG_3316_1,IMG_3316_1,Viceroy,Limenitis archippus
IMG_3316_2,IMG_3316_2,IMG_3316_2,Viceroy,Limenitis archippus
IMG_3316_3,IMG_3316_3,IMG_3316_3,Viceroy,Limenitis archippus
IMG_3316_4,IMG_3316_4,IMG_3316_4,Viceroy,Limenitis archippus
IMG_3316_5,IMG_3316_5,IMG_3316_5,Viceroy,Limenitis archippus
IMG_3316_6,IMG_3316_6,IMG_3316_6,Viceroy,Limenitis archippus
IMG_3316_7,IMG_3316_7,IMG_3316_7,Viceroy,Limenitis archippus
IMG_3316_8,IMG_3316_8,IMG_3316_8,Viceroy,Limenitis archippus
IMG_3316_9,IMG_3316_9,IMG_3316_9,Viceroy,Limenitis archippus
IMG_3317_1,IMG_3317_1,IMG_3317_1,Viceroy,Limenitis archippus
IMG_3317_2,IMG_3317_2,IMG_3317_2,Viceroy,Limenitis archippus
IMG_3318_1,IMG_3318_1,IMG_3318_1,Viceroy,Limenitis archippus
IMG_3318_2,IMG_3318_2,IMG_3318_2,Viceroy,Limenitis archippus
IMG_3318_3,IMG_3318_3,IMG_3318_3,Viceroy,Limenitis archippus
IMG_3318_4,IMG_3318_4,IMG_3318_4,Viceroy,Limenitis archippus
IMG_3318_5,IMG_3318_5,IMG_3318_5,Viceroy,Limenitis archippus
IMG_3318_6,IMG_3318_6,IMG_3318_6,Viceroy,Limenitis archippus
IMG_3318_7,IMG_3318_7,IMG_3318_7,Viceroy,Limenitis archippus
IMG_3318_8,IMG_3318_8,IMG_3318_8,Viceroy,Limenitis archippus
IMG_3318_9,IMG_3318_9,IMG_3318_9,Viceroy,Limenitis archippus
IMG_3319_1,IMG_3319_1,IMG_3319_1,Viceroy,Limenitis archippus
IMG_3319_2,IMG_3319_2,IMG_3319_2,Viceroy,Limenitis archippus
IMG_3319_3,IMG_3319_3,IMG_3319_3,Viceroy,Limenitis archippus
IMG_3319_4,IMG_3319_4,IMG_3319_4,Viceroy,Limenitis archippus
IMG_3319_5,IMG_3319_5,IMG_3319_5,Viceroy,Limenitis archippus
IMG_3319_6,IMG_3319_6,IMG_3319_6,Viceroy,Limenitis archippus
IMG_3319_7,IMG_3319_7,IMG_3319_7,Viceroy,Limenitis archippus
IMG_3320_1,IMG_3320_1,IMG_3320_1,Viceroy,Limenitis archippus
IMG_3320_2,IMG_3320_2,IMG_3320_2,Viceroy,Limenitis archippus
IMG_3320_3,IMG_3320_3,IMG_3320_3,Viceroy,Limenitis archippus
IMG_3320_4,IMG_3320_4,IMG_3320_4,Viceroy,Limenitis archippus
IMG_3320_5,IMG_3320_5,IMG_3320_5,Viceroy,Limenitis archippus
IMG_3320_6,IMG_3320_6,IMG_3320_6,Viceroy,Limenitis archippus
IMG_3320_7,IMG_3320_7,IMG_3320_7,Viceroy,Limenitis archippus
IMG_3320_8,IMG_3320_8,IMG_3320_8,Viceroy,Limenitis archippus
IMG_3321_1,IMG_3321_1,IMG_3321_1,Viceroy,Limenitis archippus
IMG_3321_2,IMG_3321_2,IMG_3321_2,Viceroy,Limenitis archippus
IMG_3321_3,IMG_3321_3,IMG_3321_3,Viceroy,Limenitis archippus
IMG_3321_4,IMG_3321_4,IMG_3321_4,Viceroy,Limenitis archippus
IMG_3321_5,IMG_3321_5,IMG_3321_5,Viceroy,Limenitis archippus
IMG_3321_6,IMG_3321_6,IMG_3321_6,Viceroy,Limenitis archippus
IMG_3321_7,IMG_3321_7,IMG_3321_7,Viceroy,Limenitis archippus
IMG_3322_1,IMG_3322_1,IMG_3322_1,Viceroy,Limenitis archippus
IMG_3322_2,IMG_3322_2,IMG_3322_2,Viceroy,Limenitis archippus
IMG_3322_3,IMG_3322_3,IMG_3322_3,Viceroy,Limenitis archippus
IMG_3322_4,IMG_3322_4,IMG_3322_4,Viceroy,Limenitis archippus
IMG_3322_5,IMG_3322_5,IMG_3322_5,Viceroy,Limenitis archippus
IMG_3322_6,IMG_3322_6,IMG_3322_6,Viceroy,Limenitis archippus
IMG_3323_1,IMG_3323_1,IMG_3323_1,Viceroy,Limenitis archippus
IMG_3323_2,IMG_3323_2,IMG_3323_2,Viceroy,Limenitis archippus
IMG_3323_3,IMG_3323_3,IMG_3323_3,Viceroy,Limenitis archippus
IMG_3323_4,IMG_3323_4,IMG_3323_4,Viceroy,Limenitis archippus
IMG_3324_1,IMG_3324_1,IMG_3324_1,Gulf Fritillary,Agraulis vanillae
IMG_3324_2,IMG_3324_2,IMG_3324_2,Gulf Fritillary,Agraulis vanillae
IMG_3324_3,IMG_3324_3,IMG_3324_3,Gulf Fritillary,Agraulis vanillae
IMG_3324_4,IMG_3324_4,IMG_3324_4,Gulf Fritillary,Agraulis vanillae
IMG_3324_5,IMG_3324_5,IMG_3324_5,Gulf Fritillary,Agraulis vanillae
IMG_3324_6,IMG_3324_6,IMG_3324_6,Gulf Fritillary,Agraulis vanillae
IMG_3324_7,IMG_3324_7,IMG_3324_7,Gulf Fritillary,Agraulis vanillae
IMG_3325_1,IMG_3325_1,IMG_3325_1,Gulf Fritillary,Agraulis vanillae
IMG_3325_2,IMG_3325_2,IMG_3325_2,Gulf Fritillary,Agraulis vanillae
IMG_3325_3,IMG_3325_3,IMG_3325_3,Gulf Fritillary,Agraulis vanillae
IMG_3325_4,IMG_3325_4,IMG_3325_4,Gulf Fritillary,Agraulis vanillae
IMG_3325_5,IMG_3325_5,IMG_3325_5,Gulf Fritillary,Agraulis vanillae
IMG_3325_6,IMG_3325_6,IMG_3325_6,Gulf Fritillary,Agraulis vanillae
IMG_3325_7,IMG_3325_7,IMG_3325_7,Gulf Fritillary,Agraulis vanillae
IMG_3325_8,IMG_3325_8,IMG_3325_8,Gulf Fritillary,Agraulis vanillae
IMG_3326_1,IMG_3326_1,IMG_3326_1,Gulf Fritillary,Agraulis vanillae
IMG_3326_2,IMG_3326_2,IMG_3326_2,Gulf Fritillary,Agraulis vanillae
IMG_3326_3,IMG_3326_3,IMG_3326_3,Gulf Fritillary,Agraulis vanillae
IMG_3326_4,IMG_3326_4,IMG_3326_4,Gulf Fritillary,Agraulis vanillae
IMG_3326_5,IMG_3326_5,IMG_3326_5,Gulf Fritillary,Agraulis vanillae
IMG_3326_6,IMG_3326_6,IMG_3326_6,Gulf Fritillary,Agraulis vanillae
IMG_3326_7,IMG_3326_7,IMG_3326_7,Gulf Fritillary,Agraulis vanillae
IMG_3326_8,IMG_3326_8,IMG_3326_8,Gulf Fritillary,Agraulis vanillae
IMG_3326_9,IMG_3326_9,IMG_3326_9,Gulf Fritillary,Agraulis vanillae
IMG_3327_1,IMG_3327_1,IMG_3327_1,Gulf Fritillary,Agraulis vanillae
IMG_3327_10,IMG_3327_10,IMG_3327_10,Gulf Fritillary,Agraulis vanillae
IMG_3327_11,IMG_3327_11,IMG_3327_11,Gulf Fritillary,Agraulis vanillae
IMG_3327_12,IMG_3327_12,IMG_3327_12,Gulf Fritillary,Agraulis vanillae
IMG_3327_2,IMG_3327_2,IMG_3327_2,Gulf Fritillary,Agraulis vanillae
IMG_3327_3,IMG_3327_3,IMG_3327_3,Gulf Fritillary,Agraulis vanillae
IMG_3327_4,IMG_3327_4,IMG_3327_4,Gulf Fritillary,Agraulis vanillae
IMG_3327_5,IMG_3327_5,IMG_3327_5,Gulf Fritillary,Agraulis vanillae
IMG_3327_6,IMG_3327_6,IMG_3327_6,Gulf Fritillary,Agraulis vanillae
IMG_3327_7,IMG_3327_7,IMG_3327_7,Gulf Fritillary,Agraulis vanillae
IMG_3327_8,IMG_3327_8,IMG_3327_8,Gulf Fritillary,Agraulis vanillae
IMG_3327_9,IMG_3327_9,IMG_3327_9,Gulf Fritillary,Agraulis vanillae
IMG_3328_1,IMG_3328_1,IMG_3328_1,Gulf Fritillary,Agraulis vanillae
IMG_3328_2,IMG_3328_2,IMG_3328_2,Gulf Fritillary,Agraulis vanillae
IMG_3328_3,IMG_3328_3,IMG_3328_3,Gulf Fritillary,Agraulis vanillae
IMG_3328_4,IMG_3328_4,IMG_3328_4,Gulf Fritillary,Agraulis vanillae
IMG_3328_5,IMG_3328_5,IMG_3328_5,Gulf Fritillary,Agraulis vanillae
IMG_3328_6,IMG_3328_6,IMG_3328_6,Gulf Fritillary,Agraulis vanillae
IMG_3328_7,IMG_3328_7,IMG_3328_7,Gulf Fritillary,Agraulis vanillae
IMG_3328_8,IMG_3328_8,IMG_3328_8,Gulf Fritillary,Agraulis vanillae
IMG_3328_9,IMG_3328_9,IMG_3328_9,Gulf Fritillary,Agraulis vanillae
IMG_3329_1,IMG_3329_1,IMG_3329_1,Gulf Fritillary,Agraulis vanillae
IMG_3329_2,IMG_3329_2,IMG_3329_2,Gulf Fritillary,Agraulis vanillae
IMG_3329_3,IMG_3329_3,IMG_3329_3,Gulf Fritillary,Agraulis vanillae
IMG_3329_4,IMG_3329_4,IMG_3329_4,Gulf Fritillary,Agraulis vanillae
IMG_3329_5,IMG_3329_5,IMG_3329_5,Gulf Fritillary,Agraulis vanillae
IMG_3329_6,IMG_3329_6,IMG_3329_6,Gulf Fritillary,Agraulis vanillae
IMG_3329_7,IMG_3329_7,IMG_3329_7,Gulf Fritillary,Agraulis vanillae
IMG_3329_8,IMG_3329_8,IMG_3329_8,Gulf Fritillary,Agraulis vanillae
IMG_3329_9,IMG_3329_9,IMG_3329_9,Gulf Fritillary,Agraulis vanillae
IMG_3330_1,IMG_3330_1,IMG_3330_1,Gulf Fritillary,Agraulis vanillae
IMG_3330_2,IMG_3330_2,IMG_3330_2,Gulf Fritillary,Agraulis vanillae
IMG_3330_3,IMG_3330_3,IMG_3330_3,Gulf Fritillary,Agraulis vanillae
IMG_3330_4,IMG_3330_4,IMG_3330_4,Gulf Fritillary,Agraulis vanillae
IMG_3330_5,IMG_3330_5,IMG_3330_5,Gulf Fritillary,Agraulis vanillae
IMG_3330_6,IMG_3330_6,IMG_3330_6,Gulf Fritillary,Agraulis vanillae
IMG_3330_7,IMG_3330_7,IMG_3330_7,Gulf Fritillary,Agraulis vanillae
IMG_3330_8,IMG_3330_8,IMG_3330_8,Gulf Fritillary,Agraulis vanillae
IMG_3330_9,IMG_3330_9,IMG_3330_9,Gulf Fritillary,Agraulis vanillae
IMG_3331_1,IMG_3331_1,IMG_3331_1,Gulf Fritillary,Agraulis vanillae
IMG_3331_2,IMG_3331_2,IMG_3331_2,Gulf Fritillary,Agraulis vanillae
IMG_3331_3,IMG_3331_3,IMG_3331_3,Gulf Fritillary,Agraulis vanillae
IMG_3331_4,IMG_3331_4,IMG_3331_4,Gulf Fritillary,Agraulis vanillae
IMG_3331_5,IMG_3331_5,IMG_3331_5,Gulf Fritillary,Agraulis vanillae
IMG_3331_6,IMG_3331_6,IMG_3331_6,Gulf Fritillary,Agraulis vanillae
IMG_3331_7,IMG_3331_7,IMG_3331_7,Gulf Fritillary,Agraulis vanillae
IMG_3331_8,IMG_3331_8,IMG_3331_8,Gulf Fritillary,Agraulis vanillae
IMG_3331_9,IMG_3331_9,IMG_3331_9,Gulf Fritillary,Agraulis vanillae
IMG_3332_1,IMG_3332_1,IMG_3332_1,Gulf Fritillary,Agraulis vanillae
IMG_3332_2,IMG_3332_2,IMG_3332_2,Gulf Fritillary,Agraulis vanillae
IMG_3332_3,IMG_3332_3,IMG_3332_3,Gulf Fritillary,Agraulis vanillae
IMG_3332_4,IMG_3332_4,IMG_3332_4,Gulf Fritillary,Agraulis vanillae
IMG_3332_5,IMG_3332_5,IMG_3332_5,Gulf Fritillary,Agraulis vanillae
IMG_3332_6,IMG_3332_6,IMG_3332_6,Gulf Fritillary,Agraulis vanillae
IMG_3332_7,IMG_3332_7,IMG_3332_7,Gulf Fritillary,Agraulis vanillae
IMG_3332_8,IMG_3332_8,IMG_3332_8,Gulf Fritillary,Agraulis vanillae
IMG_3332_9,IMG_3332_9,IMG_3332_9,Gulf Fritillary,Agraulis vanillae
IMG_3333_1,IMG_3333_1,IMG_3333_1,Gulf Fritillary,Agraulis vanillae
IMG_3333_2,IMG_3333_2,IMG_3333_2,Gulf Fritillary,Agraulis vanillae
IMG_3333_3,IMG_3333_3,IMG_3333_3,Gulf Fritillary,Agraulis vanillae
IMG_3333_4,IMG_3333_4,IMG_3333_4,Gulf Fritillary,Agraulis vanillae
IMG_3333_5,IMG_3333_5,IMG_3333_5,Gulf Fritillary,Agraulis vanillae
IMG_3333_6,IMG_3333_6,IMG_3333_6,Gulf Fritillary,Agraulis vanillae
IMG_3333_7,IMG_3333_7,IMG_3333_7,Gulf Fritillary,Agraulis vanillae
IMG_3333_8,IMG_3333_8,IMG_3333_8,Gulf Fritillary,Agraulis vanillae
IMG_3333_9,IMG_3333_9,IMG_3333_9,Gulf Fritillary,Agraulis vanillae
IMG_3334_1,IMG_3334_1,IMG_3334_1,Gulf Fritillary,Agraulis vanillae
IMG_3334_2,IMG_3334_2,IMG_3334_2,Gulf Fritillary,Agraulis vanillae
IMG_3334_3,IMG_3334_3,IMG_3334_3,Gulf Fritillary,Agraulis vanillae
IMG_3334_4,IMG_3334_4,IMG_3334_4,Gulf Fritillary,Agraulis vanillae
IMG_3334_5,IMG_3334_5,IMG_3334_5,Gulf Fritillary,Agraulis vanillae
IMG_3334_6,IMG_3334_6,IMG_3334_6,Gulf Fritillary,Agraulis vanillae
IMG_3334_7,IMG_3334_7,IMG_3334_7,Gulf Fritillary,Agraulis vanillae
IMG_3334_8,IMG_3334_8,IMG_3334_8,Gulf Fritillary,Agraulis vanillae
IMG_3334_9,IMG_3334_9,IMG_3334_9,Gulf Fritillary,Agraulis vanillae
IMG_3335_1,IMG_3335_1,IMG_3335_1,Gulf Fritillary,Agraulis vanillae
IMG_3335_2,IMG_3335_2,IMG_3335_2,Gulf Fritillary,Agraulis vanillae
IMG_3335_3,IMG_3335_3,IMG_3335_3,Gulf Fritillary,Agraulis vanillae
IMG_3335_4,IMG_3335_4,IMG_3335_4,Gulf Fritillary,Agraulis vanillae
IMG_3335_5,IMG_3335_5,IMG_3335_5,Gulf Fritillary,Agraulis vanillae
IMG_3335_6,IMG_3335_6,IMG_3335_6,Gulf Fritillary,Agraulis vanillae
IMG_3335_7,IMG_3335_7,IMG_3335_7,Gulf Fritillary,Agraulis vanillae
IMG_3335_8,IMG_3335_8,IMG_3335_8,Gulf Fritillary,Agraulis vanillae
IMG_3336_2,IMG_3336_2,IMG_3336_2,Gulf Fritillary,Agraulis vanillae
IMG_3336_3,IMG_3336_3,IMG_3336_3,Gulf Fritillary,Agraulis vanillae
IMG_3336_4,IMG_3336_4,IMG_3336_4,Gulf Fritillary,Agraulis vanillae
IMG_3336_5,IMG_3336_5,IMG_3336_5,Gulf Fritillary,Agraulis vanillae
IMG_3336_6,IMG_3336_6,IMG_3336_6,Gulf Fritillary,Agraulis vanillae
IMG_3336_7,IMG_3336_7,IMG_3336_7,Gulf Fritillary,Agraulis vanillae
IMG_3336_8,IMG_3336_8,IMG_3336_8,Gulf Fritillary,Agraulis vanillae
IMG_3337_12,IMG_3337_12,IMG_3337_12,Gulf Fritillary,Agraulis vanillae
IMG_3337_19,IMG_3337_19,IMG_3337_19,Gulf Fritillary,Agraulis vanillae
IMG_3337_7,IMG_3337_7,IMG_3337_7,Gulf Fritillary,Agraulis vanillae
IMG_3337_8,IMG_3337_8,IMG_3337_8,Gulf Fritillary,Agraulis vanillae
IMG_3338_1,IMG_3338_1,IMG_3338_1,Gulf Fritillary,Agraulis vanillae
IMG_3338_10,IMG_3338_10,IMG_3338_10,Gulf Fritillary,Agraulis vanillae
IMG_3338_2,IMG_3338_2,IMG_3338_2,Gulf Fritillary,Agraulis vanillae
IMG_3338_3,IMG_3338_3,IMG_3338_3,Gulf Fritillary,Agraulis vanillae
IMG_3338_4,IMG_3338_4,IMG_3338_4,Gulf Fritillary,Agraulis vanillae
IMG_3338_5,IMG_3338_5,IMG_3338_5,Gulf Fritillary,Agraulis vanillae
IMG_3338_6,IMG_3338_6,IMG_3338_6,Gulf Fritillary,Agraulis vanillae
IMG_3338_7,IMG_3338_7,IMG_3338_7,Gulf Fritillary,Agraulis vanillae
IMG_3338_8,IMG_3338_8,IMG_3338_8,Gulf Fritillary,Agraulis vanillae
IMG_3338_9,IMG_3338_9,IMG_3338_9,Gulf Fritillary,Agraulis vanillae
IMG_3339_1,IMG_3339_1,IMG_3339_1,Gulf Fritillary,Agraulis vanillae
IMG_3339_10,IMG_3339_10,IMG_3339_10,Gulf Fritillary,Agraulis vanillae
IMG_3339_11,IMG_3339_11,IMG_3339_11,Gulf Fritillary,Agraulis vanillae
IMG_3339_12,IMG_3339_12,IMG_3339_12,Gulf Fritillary,Agraulis vanillae
IMG_3339_2,IMG_3339_2,IMG_3339_2,Gulf Fritillary,Agraulis vanillae
IMG_3339_3,IMG_3339_3,IMG_3339_3,Gulf Fritillary,Agraulis vanillae
IMG_3339_4,IMG_3339_4,IMG_3339_4,Gulf Fritillary,Agraulis vanillae
IMG_3339_5,IMG_3339_5,IMG_3339_5,Gulf Fritillary,Agraulis vanillae
IMG_3339_6,IMG_3339_6,IMG_3339_6,Gulf Fritillary,Agraulis vanillae
IMG_3339_7,IMG_3339_7,IMG_3339_7,Gulf Fritillary,Agraulis vanillae
IMG_3339_8,IMG_3339_8,IMG_3339_8,Gulf Fritillary,Agraulis vanillae
IMG_3339_9,IMG_3339_9,IMG_3339_9,Gulf Fritillary,Agraulis vanillae
IMG_3340_3,IMG_3340_3,IMG_3340_3,Gulf Fritillary,Agraulis vanillae
IMG_3340_4,IMG_3340_4,IMG_3340_4,Gulf Fritillary,Agraulis vanillae
IMG_3340_5,IMG_3340_5,IMG_3340_5,Gulf Fritillary,Agraulis vanillae
IMG_3341_1,IMG_3341_1,IMG_3341_1,Gulf Fritillary,Agraulis vanillae
IMG_3341_2,IMG_3341_2,IMG_3341_2,Gulf Fritillary,Agraulis vanillae
IMG_3341_3,IMG_3341_3,IMG_3341_3,Gulf Fritillary,Agraulis vanillae
IMG_3341_4,IMG_3341_4,IMG_3341_4,Gulf Fritillary,Agraulis vanillae
IMG_3341_5,IMG_3341_5,IMG_3341_5,Gulf Fritillary,Agraulis vanillae
IMG_3341_6,IMG_3341_6,IMG_3341_6,Gulf Fritillary,Agraulis vanillae
IMG_3341_7,IMG_3341_7,IMG_3341_7,Gulf Fritillary,Agraulis vanillae
IMG_3341_8,IMG_3341_8,IMG_3341_8,Gulf Fritillary,Agraulis vanillae
IMG_3341_9,IMG_3341_9,IMG_3341_9,Gulf Fritillary,Agraulis vanillae
IMG_3342_2,IMG_3342_2,IMG_3342_2,Gulf Fritillary,Agraulis vanillae
IMG_3342_3,IMG_3342_3,IMG_3342_3,Gulf Fritillary,Agraulis vanillae
IMG_3342_4,IMG_3342_4,IMG_3342_4,Gulf Fritillary,Agraulis vanillae
IMG_3342_5,IMG_3342_5,IMG_3342_5,Gulf Fritillary,Agraulis vanillae
IMG_3342_6,IMG_3342_6,IMG_3342_6,Gulf Fritillary,Agraulis vanillae
IMG_3342_7,IMG_3342_7,IMG_3342_7,Gulf Fritillary,Agraulis vanillae
IMG_3343_1,IMG_3343_1,IMG_3343_1,Gulf Fritillary,Agraulis vanillae
IMG_3343_10,IMG_3343_10,IMG_3343_10,Gulf Fritillary,Agraulis vanillae
IMG_3343_11,IMG_3343_11,IMG_3343_11,Gulf Fritillary,Agraulis vanillae
IMG_3343_12,IMG_3343_12,IMG_3343_12,Gulf Fritillary,Agraulis vanillae
IMG_3343_2,IMG_3343_2,IMG_3343_2,Gulf Fritillary,Agraulis vanillae
IMG_3343_3,IMG_3343_3,IMG_3343_3,Gulf Fritillary,Agraulis vanillae
IMG_3343_4,IMG_3343_4,IMG_3343_4,Gulf Fritillary,Agraulis vanillae
IMG_3343_5,IMG_3343_5,IMG_3343_5,Gulf Fritillary,Agraulis vanillae
IMG_3343_6,IMG_3343_6,IMG_3343_6,Gulf Fritillary,Agraulis vanillae
IMG_3343_7,IMG_3343_7,IMG_3343_7,Gulf Fritillary,Agraulis vanillae
IMG_3343_8,IMG_3343_8,IMG_3343_8,Gulf Fritillary,Agraulis vanillae
IMG_3343_9,IMG_3343_9,IMG_3343_9,Gulf Fritillary,Agraulis vanillae
IMG_3344_4,IMG_3344_4,IMG_3344_4,Gulf Fritillary,Agraulis vanillae
IMG_3344_5,IMG_3344_5,IMG_3344_5,Gulf Fritillary,Agraulis vanillae
IMG_3344_6,IMG_3344_6,IMG_3344_6,Gulf Fritillary,Agraulis vanillae
IMG_3344_7,IMG_3344_7,IMG_3344_7,Gulf Fritillary,Agraulis vanillae
IMG_3344_8,IMG_3344_8,IMG_3344_8,Gulf Fritillary,Agraulis vanillae
IMG_3344_9,IMG_3344_9,IMG_3344_9,Gulf Fritillary,Agraulis vanillae
IMG_3345_1,IMG_3345_1,IMG_3345_1,Gulf Fritillary,Agraulis vanillae
IMG_3345_10,IMG_3345_10,IMG_3345_10,Gulf Fritillary,Agraulis vanillae
IMG_3345_11,IMG_3345_11,IMG_3345_11,Gulf Fritillary,Agraulis vanillae
IMG_3345_12,IMG_3345_12,IMG_3345_12,Gulf Fritillary,Agraulis vanillae
IMG_3345_2,IMG_3345_2,IMG_3345_2,Gulf Fritillary,Agraulis vanillae
IMG_3345_3,IMG_3345_3,IMG_3345_3,Gulf Fritillary,Agraulis vanillae
IMG_3345_4,IMG_3345_4,IMG_3345_4,Gulf Fritillary,Agraulis vanillae
IMG_3345_5,IMG_3345_5,IMG_3345_5,Gulf Fritillary,Agraulis vanillae
IMG_3345_6,IMG_3345_6,IMG_3345_6,Gulf Fritillary,Agraulis vanillae
IMG_3345_7,IMG_3345_7,IMG_3345_7,Gulf Fritillary,Agraulis vanillae
IMG_3345_8,IMG_3345_8,IMG_3345_8,Gulf Fritillary,Agraulis vanillae
IMG_3345_9,IMG_3345_9,IMG_3345_9,Gulf Fritillary,Agraulis vanillae
IMG_3346_1,IMG_3346_1,IMG_3346_1,Gulf Fritillary,Agraulis vanillae
IMG_3346_2,IMG_3346_2,IMG_3346_2,Gulf Fritillary,Agraulis vanillae
IMG_3346_3,IMG_3346_3,IMG_3346_3,Gulf Fritillary,Agraulis vanillae
IMG_3346_4,IMG_3346_4,IMG_3346_4,Gulf Fritillary,Agraulis vanillae
IMG_3346_5,IMG_3346_5,IMG_3346_5,Gulf Fritillary,Agraulis vanillae
IMG_3346_6,IMG_3346_6,IMG_3346_6,Gulf Fritillary,Agraulis vanillae
IMG_3346_7,IMG_3346_7,IMG_3346_7,Gulf Fritillary,Agraulis vanillae
IMG_3346_8,IMG_3346_8,IMG_3346_8,Gulf Fritillary,Agraulis vanillae
IMG_3346_9,IMG_3346_9,IMG_3346_9,Gulf Fritillary,Agraulis vanillae
IMG_3347_1,IMG_3347_1,IMG_3347_1,Gulf Fritillary,Agraulis vanillae
IMG_3347_10,IMG_3347_10,IMG_3347_10,Gulf Fritillary,Agraulis vanillae
IMG_3347_11,IMG_3347_11,IMG_3347_11,Gulf Fritillary,Agraulis vanillae
IMG_3347_12,IMG_3347_12,IMG_3347_12,Gulf Fritillary,Agraulis vanillae
IMG_3347_2,IMG_3347_2,IMG_3347_2,Gulf Fritillary,Agraulis vanillae
IMG_3347_3,IMG_3347_3,IMG_3347_3,Gulf Fritillary,Agraulis vanillae
IMG_3347_4,IMG_3347_4,IMG_3347_4,Gulf Fritillary,Agraulis vanillae
IMG_3347_5,IMG_3347_5,IMG_3347_5,Gulf Fritillary,Agraulis vanillae
IMG_3347_6,IMG_3347_6,IMG_3347_6,Gulf Fritillary,Agraulis vanillae
IMG_3347_7,IMG_3347_7,IMG_3347_7,Gulf Fritillary,Agraulis vanillae
IMG_3347_8,IMG_3347_8,IMG_3347_8,Gulf Fritillary,Agraulis vanillae
IMG_3347_9,IMG_3347_9,IMG_3347_9,Gulf Fritillary,Agraulis vanillae
IMG_3348_10,IMG_3348_10,IMG_3348_10,Gulf Fritillary,Agraulis vanillae
IMG_3348_11,IMG_3348_11,IMG_3348_11,Gulf Fritillary,Agraulis vanillae
IMG_3348_5,IMG_3348_5,IMG_3348_5,Gulf Fritillary,Agraulis vanillae
IMG_3348_6,IMG_3348_6,IMG_3348_6,Gulf Fritillary,Agraulis vanillae
IMG_3348_7,IMG_3348_7,IMG_3348_7,Gulf Fritillary,Agraulis vanillae
IMG_3348_8,IMG_3348_8,IMG_3348_8,Gulf Fritillary,Agraulis vanillae
IMG_3348_9,IMG_3348_9,IMG_3348_9,Gulf Fritillary,Agraulis vanillae
IMG_3349_5,IMG_3349_5,IMG_3349_5,Gulf Fritillary,Agraulis vanillae
IMG_3349_6,IMG_3349_6,IMG_3349_6,Gulf Fritillary,Agraulis vanillae
IMG_3349_7,IMG_3349_7,IMG_3349_7,Gulf Fritillary,Agraulis vanillae
IMG_3349_8,IMG_3349_8,IMG_3349_8,Gulf Fritillary,Agraulis vanillae
IMG_3349_9,IMG_3349_9,IMG_3349_9,Gulf Fritillary,Agraulis vanillae
IMG_3350_3,IMG_3350_3,IMG_3350_3,Gulf Fritillary,Agraulis vanillae
IMG_3350_4,IMG_3350_4,IMG_3350_4,Gulf Fritillary,Agraulis vanillae
IMG_3350_5,IMG_3350_5,IMG_3350_5,Gulf Fritillary,Agraulis vanillae
